Keertana Finserv Private Limited ,Unnamed: 1,Unnamed: 2,Unnamed: 3,Unnamed: 4,Unnamed: 5,Unnamed: 6,Unnamed: 7,Unnamed: 8,Unnamed: 9,Unnamed: 10,Unnamed: 11,Unnamed: 12,Unnamed: 13,Unnamed: 14,Unnamed: 15,Unnamed: 16,Unnamed: 17,Unnamed: 18,Unnamed: 19,Unnamed: 20,Unnamed: 21,Unnamed: 22,Unnamed: 23,Unnamed: 24
Portfolio Cuts as on 31 May 2024,,,,,,,,,,,,,,,,,,,,,,,,
,,,,,,,,,,,,,,,,,,,,,,,,
Branchwise Break-up ,,,,,,,,,,,,,,,,,,,,,,,,
,,,,,,,,,,,,,,,,,,,,,,,,
SN,Branch Code,Branch Name,District,State,Branch Classification Rural / Urban,Number of Active Loans,"Principal Outstanding of Active Loans
(In Crs)",Standard Portfolio with 0 DPD,No of loans in arrears,No of loans written off,"Write offs in the quarter 
(In Crs)","Total PAR 
(In Crs)",1-30 DPD Loans Outstanding ,31-60 DPD Loans Oustatnding,61-90 DPD Loans Oustatnding,91 to 120 DPD Loans Oustatnding,121-150 DPD Loans Outstanding,151-180 DPD Loans Outstanding,181-365 DPD Loans Outstanding,>365 DPD Loans Ousttanding,PAR >0 days,% of  PAR >0 days,PAR >90days,% of PAR >90 days
1,SRJLG0012,KD Peta,Visakhapatnam,Andhra Pradesh,Rural,1688,4.827249409,4.827249409,0,0,0,0,0,0,0,0,0,0,0,0,0,0,0,0
2,APKL0033,Addanki_KL,Bapatla,Andhra Pradesh,Urban,1624,10.6273763,10.6273763,0,0,0,0,0,0,0,0,0,0,0,0,0,0,0,0
3,APJLG0244,Amaravathi_JLG,Palnadu,Andhra Pradesh,Urban,3087,12.07788348,12.07788348,0,0,0,0,0,0,0,0,0,0,0,0,0,0,0,0
4,APKL0019,Anantapur_KL,Anantapur,Andhra Pradesh,Urban,1270,11.3383564,11.3383564,0,0,0,0,0,0,0,0,0,0,0,0,0,0,0,0
5,APKL0050,Annavaram_KL,Kakinada,Andhra Pradesh,Rural,850,4.3893384,4.3893384,0,0,0,0,0,0,0,0,0,0,0,0,0,0,0,0
6,APMP0095,Annavaram_LH,Kakinada,Andhra Pradesh,Rural,319,1.455194325,1.4117841549999999,6,0,0,0.04341017,0,0.036026668,0.007383502,0,0,0,0,0,0.04341017,0.029831184230326078,0,0
7,APJLG0271,Atchutapuram_JLG,Anakapalle,Andhra Pradesh,Rural,1044,4.65005036000001,4.60984241600001,8,0,0,0.040207944,0.019772195000000003,0.015147748999999999,0.005288,0,0,0,0,0,0.040207944,0.00864677603190515,0,0
8,APKL0059,Atmakur_KL,Nandyal,Andhra Pradesh,Rural,1434,8.2728003,8.2728003,0,0,0,0,0,0,0,0,0,0,0,0,0,0,0,0
9,APJLG0198,Attili_JLG,West Godavari,Andhra Pradesh,Rural,1763,6.1456803429999995,6.12788724,4,0,0,0.017793102999999998,0.002918129,0,0.009909356,0.004965618,0,0,0,0,0.017793102999999998,0.00289522103444032,0.004965618,0.0008079850761609975
10,APJLG0225,Bapatla_JLG,Bapatla,Andhra Pradesh,Urban,3543,9.95754707400007,9.91937040500007,12,0,0,0.038176669,0.002762136,0.004405435,0.009855210000000001,0.007040853,0.014113035000000001,0,0,0,0.038176669,0.0038339431103150147,0.021153888000000003,0.002124407531573157
11,APMP0158,Bapatla_LH,Bapatla,Andhra Pradesh,Urban,425,5.2702755670000005,5.216671245000001,1,0,0,0.053604321999999996,0,0,0,0,0,0,0.053604321999999996,0,0.053604321999999996,0.010171066259921051,0.053604321999999996,0.010171066259921051
12,APKL0006,Chittoor_KL,Chittoor,Andhra Pradesh,Urban,1626,8.9459082,8.9459082,0,0,0,0,0,0,0,0,0,0,0,0,0,0,0,0
13,APJLG0330,Dwarapudi_JLG,East Godavari,Andhra Pradesh,Rural,1483,5.362301277,5.357751486000001,2,0,0,0.004549791,0.004549791,0,0,0,0,0,0,0,0.004549791,0.0008484773169152167,0,0
14,APKL0167,Gorantla_KL ,Sri Sathya Sai,Andhra Pradesh,Rural,1682,12.6898682,12.6898682,0,0,0,0,0,0,0,0,0,0,0,0,0,0,0,0
15,TSJLG0223,Huzurnagar_JLG,Suryapet,Telangana,rural,2014,6.08904321699999,5.94766021399999,51,0,0,0.141383003,0.037002768,0.070365172,0.021703988,0.008914447,0.003396628,0,0,0,0.141383003,0.023219247747375653,0.012311075000000001,0.0020218406342771113
16,APJLG0235,Ibrahimpatnam_JLG,NTR,Andhra Pradesh,Rural,3197,11.9612328350001,11.8373120500001,31,0,0,0.12392078500000002,0.072300087,0.031568994,0.011736667999999999,0.004106169000000001,0.004208867,0,0,0,0.12392078500000002,0.010360201720795194,0.008315036000000001,0.000695165466194182
17,APKL0088,Jammalamadugu_KL,Kadapa,Andhra Pradesh,Rural,1273,9.4463293,9.4463293,0,0,0,0,0,0,0,0,0,0,0,0,0,0,0,0
18,APJLG0261,Kadiam_JLG,East Godavari,Andhra Pradesh,Rural,4197,9.10809414200012,9.05628949400012,24,0,0,0.05180464800000001,0.017660154,0.028447512,0.003063427,0.002633555,0,0,0,0,0.05180464800000001,0.005687759392067923,0.002633555,0.00028914446413722255
19,APKL0057,Kalyanadurgam_KL,Anantapur,Andhra Pradesh,Rural,1654,12.9297304,12.9297304,0,0,0,0,0,0,0,0,0,0,0,0,0,0,0,0
20,APKL0065,Kandukur_KL,Nellore,Andhra Pradesh,Rural,1065,6.80268228,6.80268228,0,0,0,0,0,0,0,0,0,0,0,0,0,0,0,0
21,APKL0074,Kanigiri_KL,Prakasam,Andhra Pradesh,Rural,889,6.5845886,6.5845886,0,0,0,0,0,0,0,0,0,0,0,0,0,0,0,0
22,APKL0124,Kavali_KL,Nellore,Andhra Pradesh,Rural,882,5.98584,5.98584,0,0,0,0,0,0,0,0,0,0,0,0,0,0,0,0
23,APJLG0184,Kesarapalli_JLG,Krishna,Andhra Pradesh,Rural,2646,8.208930983,8.109479125,33,0,0,0.099451858,0.086602124,0.009234708,0,0,0.0036150260000000004,0,0,0,0.099451858,0.012115080295589812,0.0036150260000000004,0.00044037719497050376
24,APKL0040,Kolluru_KL,Bapatla,Andhra Pradesh,Rural,1280,5.726741,5.726741,0,0,0,0,0,0,0,0,0,0,0,0,0,0,0,0
25,APJLG0274,Kothavalasa_JLG,Vizianagaram,Andhra Pradesh,Rural,997,4.80936139299999,4.80936139299999,0,0,0,0,0,0,0,0,0,0,0,0,0,0,0,0
26,APKL0107,Kotturu_KL,Srikakulam,Andhra Pradesh,Rural,1173,8.4996656,8.4996656,0,0,0,0,0,0,0,0,0,0,0,0,0,0,0,0
27,APKL0137,Kovur_KL,Nellore,Andhra Pradesh,Rural,959,5.6365192,5.6365192,0,0,0,0,0,0,0,0,0,0,0,0,0,0,0,0
28,APKL0109,Krishnalanka_KL,Krishna,Andhra Pradesh,Rural,845,5.3588784,5.3588784,0,0,0,0,0,0,0,0,0,0,0,0,0,0,0,0
29,TSJLG0246,Mudigonda_JLG,Khammam,Telangana,Rural,3199,12.9403319119999,12.9403319119999,0,0,0,0,0,0,0,0,0,0,0,0,0,0,0,0
30,APKL0079,Achampet_KL,Palnadu,Andhra Pradesh,Rural,748,2.7567592,2.7567592,0,0,0,0,0,0,0,0,0,0,0,0,0,0,0,0
31,APKL0110,Ajit Singh Nagar_KL,Krishna,Andhra Pradesh,Urban,1032,7.4629414,7.4629414,0,0,0,0,0,0,0,0,0,0,0,0,0,0,0,0
32,APKL0061,Allagadda_KL,Nandyal,Andhra Pradesh,Rural,1484,10.8542662,10.8542662,0,0,0,0,0,0,0,0,0,0,0,0,0,0,0,0
33,APKL0051,Amalapuram_KL,Dr. B.R. Ambedkar Konaseema,Andhra Pradesh,Rural,1022,5.2921823,5.2921823,0,0,0,0,0,0,0,0,0,0,0,0,0,0,0,0
34,TSJLG0282,Aswaraopeta_JLG,Bhadradri Kothagudem,Telangana,Rural,2493,11.403359865999999,11.403359865999999,0,0,0,0,0,0,0,0,0,0,0,0,0,0,0,0
35,APKL0082,B Kothakota_KL,Annamayya,Andhra Pradesh,Rural,1036,5.142249,5.142249,0,0,0,0,0,0,0,0,0,0,0,0,0,0,0,0
36,APJLG0183,Challapalli_JLG,Krishna,Andhra Pradesh,rural,3118,9.39870429299997,9.22113632599997,62,0,0,0.177567967,0.05257133199999999,0.060175398,0.01897547,0.026227146000000003,0.015796209,0,0.0038224120000000003,0,0.177567967,0.01889281346283554,0.045845766999999996,0.004877881628230959
37,APKL0043,Challapalli_KL,Krishna,Andhra Pradesh,Rural,1273,6.1519418,6.1519418,0,0,0,0,0,0,0,0,0,0,0,0,0,0,0,0
38,APJLG0227,Chilakaluripet_JLG,Palnadu,Andhra Pradesh,rural,3336,9.13290501900002,9.08104736500002,19,0,0,0.051857653999999996,0.018754388,0.015099205,0.01100258,0.0070014809999999995,0,0,0,0,0.051857653999999996,0.005678111607655589,0.0070014809999999995,0.000766621462221952
39,APMP0160,Chilakaluripet_LH,Palnadu,Andhra Pradesh,Urban,340,3.898837207,3.894798852,1,0,0,0.004038355,0,0.004038355,0,0,0,0,0,0,0.004038355,0.0010357844622877583,0,0
40,APKL0155,Chirala_KL,Bapatla,Andhra Pradesh,Rural,1246,7.632375,7.632375,0,0,0,0,0,0,0,0,0,0,0,0,0,0,0,0
41,APMP0127,Chittoor_LH,Chittoor,Andhra Pradesh,Urban,527,4.385093382,4.103846022,38,0,0,0.28124736,0.021898602,0.071552257,0.132027229,0.023347998000000002,0.017912729999999998,0,0.014508544,0,0.28124736,0.06413714270133188,0.055769271999999995,0.01271792118017887
42,APKL0071,Cumbum_KL,Prakasam,Andhra Pradesh,Rural,782,4.8591986,4.8591986,0,0,0,0,0,0,0,0,0,0,0,0,0,0,0,0
43,APKL0216,Giddalur_KL,Prakasam,Andhra Pradesh,Rural,764,5.8708396,5.8708396,0,0,0,0,0,0,0,0,0,0,0,0,0,0,0,0
44,SRJLG0002,Gokavaram_JLG,East Godavari,Andhra Pradesh,Rural,4532,13.498370949000002,13.455451601000002,13,0,0,0.042919347999999996,0.0033972550000000005,0,0,0.00021101199999999998,0.000793428,0,0.001776645,0.036741008,0.042919347999999996,0.003179594646062056,0.039522093,0.002927915757340178
45,APMP0143,Gokavaram_LH,East Godavari,Andhra Pradesh,Rural,558,7.089202790000001,7.089202790000001,0,0,0,0,0,0,0,0,0,0,0,0,0,0,0,0
46,APKL0022,Gopalapuram_KL,East Godavari,Andhra Pradesh,Rural,1321,5.6547816,5.6547816,0,0,0,0,0,0,0,0,0,0,0,0,0,0,0,0
47,APMP0277,Gudivada_LH,Krishna,Andhra Pradesh,Urban,204,2.09069232,2.09069232,0,0,0,0,0,0,0,0,0,0,0,0,0,0,0,0
48,APMP0260,Guntakal_LH,Anantapur,Andhra Pradesh,Rural,314,3.776461091,3.776461091,0,0,0,0,0,0,0,0,0,0,0,0,0,0,0,0
49,TSKL0076,Hydershah kote(Sun City)_KL,Hyderabad,Telangana,Urban,958,9.687662828,9.687662828,0,0,0,0,0,0,0,0,0,0,0,0,0,0,0,0
50,APKL0168,Kadapa-2_KL,Kadapa,Andhra Pradesh,Urban,1272,10.0457641,10.0457641,0,0,0,0,0,0,0,0,0,0,0,0,0,0,0,0
51,APKL0020,Kadapa_KL,Kadapa,Andhra Pradesh,Urban,1752,13.8060368,13.8060368,0,0,0,0,0,0,0,0,0,0,0,0,0,0,0,0
52,APKL0041,Kadiri_KL,Sri Sathya Sai,Andhra Pradesh,Rural,1083,7.157766,7.157766,0,0,0,0,0,0,0,0,0,0,0,0,0,0,0,0
53,APKL0115,Kakinada_KL,Kakinada,Andhra Pradesh,Urban,777,6.041677,6.041677,0,0,0,0,0,0,0,0,0,0,0,0,0,0,0,0
54,APKL0018,Kalikiri_KL,Annamayya,Andhra Pradesh,Rural,429,1.8963366,1.8963366,0,0,0,0,0,0,0,0,0,0,0,0,0,0,0,0
55,TSJLG0224,Kallur_JLG,Khammam,Telangana,Rural,2192,7.424720621999989,7.311685794999989,25,0,0,0.113034827,0.113034827,0,0,0,0,0,0,0,0.113034827,0.015224118556739975,0,0
56,APMP0231,Kandukur_LH,Nellore,Andhra Pradesh,Rural,260,3.490670246,3.490670246,0,0,0,0,0,0,0,0,0,0,0,0,0,0,0,0
57,APJLG0265,Karapa_JLG,Kakinada,Andhra Pradesh,Rural,2000,8.01042036199998,8.01042036199998,0,0,0,0,0,0,0,0,0,0,0,0,0,0,0,0
58,APMP0258,Addanki_LH,Bapatla,Andhra Pradesh,Rural,29,1.537434469,1.537434469,0,0,0,0,0,0,0,0,0,0,0,0,0,0,0,0
59,APMP0141,Amalapuram_LH,Dr. B.R. Ambedkar Konaseema,Andhra Pradesh,Rural,337,3.774396654,3.7041179009999996,8,0,0,0.070278753,0,0.026402778000000002,0.006982416,0.007854917999999999,0,0.017486954000000002,0.011551687,0,0.070278753,0.01861986416438785,0.036893559,0.009774690468978994
60,APKL0056,Anantapur-2_KL,Anantapur,Andhra Pradesh,Urban,1279,9.7053872,9.7053872,0,0,0,0,0,0,0,0,0,0,0,0,0,0,0,0
61,APKL0002,Badvel_KL,Kadapa,Andhra Pradesh,Rural,1076,7.6703393,7.6703393,0,0,0,0,0,0,0,0,0,0,0,0,0,0,0,0
62,APJLG0287,Bapulapadu_JLG,Krishna,Andhra Pradesh,Rural,2646,10.21330305,10.071210225,43,0,0,0.142092825,0.106582103,0.017428101999999997,0,0.01808262,0,0,0,0,0.142092825,0.013912524117259009,0.01808262,0.0017704967640218999
63,APKL0013,Bhimadole_KL,Eluru,Andhra Pradesh,Rural,1094,6.8728989,6.8728989,0,0,0,0,0,0,0,0,0,0,0,0,0,0,0,0
64,APKL0003,Bhimavaram_KL,West Godavari,Andhra Pradesh,Rural,1277,9.9317085,9.9317085,0,0,0,0,0,0,0,0,0,0,0,0,0,0,0,0
65,ORJLG0333,Buguda_JLG,Ganjam,Orissa,Rural,723,3.640520393,3.4257772810000002,41,0,0,0.214743112,0.042304,0.172439112,0,0,0,0,0,0,0.214743112,0.058986927367007336,0,0
66,APKL0106,Chagallu_KL,East Godavari,Andhra Pradesh,Rural,1165,5.666475,5.666475,0,0,0,0,0,0,0,0,0,0,0,0,0,0,0,0
67,APJLG0306,Chandole_JLG,Bapatla,Andhra Pradesh,Rural,1093,3.559543267,3.544747575,6,0,0,0.014795692,0.006938772,0.005233531,0.002623389,0,0,0,0,0,0.014795692,0.0041566265360976715,0,0
68,APJLG0305,Chebrolu_JLG,Guntur,Andhra Pradesh,Rural,1734,5.68454651800001,5.65188936400001,13,0,0,0.032657154,0.016784619,0.011290002,0.00175523,0.0028273029999999998,0,0,0,0,0.032657154,0.0057449004765097325,0.0028273029999999998,0.0004973664989893913
69,APKL0028,Cherukupalli_KL,Bapatla,Andhra Pradesh,Rural,2010,8.596574,8.596574,0,0,0,0,0,0,0,0,0,0,0,0,0,0,0,0
70,APKL0004,Chimakurthi_KL,Prakasam,Andhra Pradesh,Rural,1565,7.146599758,7.146599758,0,0,0,0,0,0,0,0,0,0,0,0,0,0,0,0
71,APJLG0281,Cumbum_JLG,Prakasam,Andhra Pradesh,Rural,1476,6.574949443,6.574949443,0,0,0,0,0,0,0,0,0,0,0,0,0,0,0,0
72,APKL0016,Dharmavaram_KL,Sri Sathya Sai,Andhra Pradesh,Rural,1149,8.051867,8.051867,0,0,0,0,0,0,0,0,0,0,0,0,0,0,0,0
73,APKL0060,Dhone_KL,Nandyal,Andhra Pradesh,Rural,826,6.584473,6.584473,0,0,0,0,0,0,0,0,0,0,0,0,0,0,0,0
74,ORJLG0296,Digapahandi_JLG,Ganjam,Orissa,Rural,1443,6.68008013900001,6.68008013900001,0,0,0,0,0,0,0,0,0,0,0,0,0,0,0,0
75,APJLG0285,Dwaraka Tirumala_JLG,Eluru,Andhra Pradesh,Rural,1720,7.30636963599999,7.30636963599999,0,0,0,0,0,0,0,0,0,0,0,0,0,0,0,0
76,APKL0156,Gokavaram_KL,East Godavari,Andhra Pradesh,Rural,620,3.010155,3.010155,0,0,0,0,0,0,0,0,0,0,0,0,0,0,0,0
77,APKL0172,Gooty_KL,Anantapur,Andhra Pradesh,Rural,1081,10.043065,10.043065,0,0,0,0,0,0,0,0,0,0,0,0,0,0,0,0
78,APKL0104,Gudivada_KL,Krishna,Andhra Pradesh,Rural,780,4.9332755,4.9332755,0,0,0,0,0,0,0,0,0,0,0,0,0,0,0,0
79,APKL0001,Gunadala_KL,Krishna,Andhra Pradesh,Urban,1044,6.4126474,6.4126474,0,0,0,0,0,0,0,0,0,0,0,0,0,0,0,0
80,APKL0179,Guntakal_KL,Anantapur,Andhra Pradesh,Rural,2591,20.1312247,20.1312247,0,0,0,0,0,0,0,0,0,0,0,0,0,0,0,0
81,APKL0238,Hindupur_2,Sri Sathya Sai,Andhra Pradesh,Urban,1620,10.1663022,10.1663022,0,0,0,0,0,0,0,0,0,0,0,0,0,0,0,0
82,APMP0129,Hindupur_LH,Sri Sathya Sai,Andhra Pradesh,Rural,575,3.6992936530000002,3.534804276,21,0,0,0.164489377,0,0.026944296000000003,0.068184602,0.033865163000000004,0.016743479000000002,0.012259958999999999,0.0064918779999999995,0,0.164489377,0.04446507696587016,0.069360479,0.018749654800653912
83,ORJLG0336,Jagannath Prasad_JLG,Ganjam,Orissa,Rural,786,3.874217393,3.874217393,0,0,0,0,0,0,0,0,0,0,0,0,0,0,0,0
84,APJLG0203,Jaggaiahpet_JLG,NTR,Andhra Pradesh,Rural,3473,13.520047869999999,13.473451125999999,13,0,0,0.046596744,0.046596744,0,0,0,0,0,0,0,0.046596744,0.0034464925307990057,0,0
85,APMP0098,Kadiyam_LH(Rajahmundry),East Godavari,Andhra Pradesh,Urban,364,1.558102387,1.488706108,15,0,0,0.069396279,0.006693177000000001,0.029875775,0.010656037,0,0.003913914,0,0.018257376000000002,0,0.069396279,0.04453897226459997,0.022171290000000003,0.014229674625355673
86,APKL0025,Kothapeta_KL,Guntur,Andhra Pradesh,Urban,1497,7.944917035,7.944917035,0,0,0,0,0,0,0,0,0,0,0,0,0,0,0,0
87,APKL0134,Akkayyapalem_KL,Visakhapatnam,Andhra Pradesh,Urban,410,2.4159574,2.4159574,0,0,0,0,0,0,0,0,0,0,0,0,0,0,0,0
88,APKL0063,Amaravathi_KL,Palnadu,Andhra Pradesh,Urban,796,3.3527221,3.3527221,0,0,0,0,0,0,0,0,0,0,0,0,0,0,0,0
89,APMP0157,Anakapalle_LH,Anakapalle,Andhra Pradesh,Urban,166,2.517868673,2.381726928,4,0,0,0.136141745,0.1293909,0,0.006750845,0,0,0,0,0,0.136141745,0.05407023267730215,0,0
90,APKL0174,Anakapalli_KL,Anakapalle,Andhra Pradesh,Urban,597,4.2335764,4.2335764,0,0,0,0,0,0,0,0,0,0,0,0,0,0,0,0
91,APMP0130,Anantapur_LH,Anantapur,Andhra Pradesh,Urban,374,2.066867974,1.9865945919999999,17,0,0,0.080273382,0,0.01715852,0.01701462,0.010284032,0.02051724,0.00780887,0.0074901,0,0.080273382,0.038838175930825086,0.046100242,0.02230439611040197
92,KAMP0176,Bangarpet_LH,Kolar,Karnataka,Rural,279,3.5053507990000004,3.4734817920000003,4,0,0,0.031869007,0,0.010920053,0.005107501,0.008478645,0,0,0.007362808,0,0.031869007,0.009091531440759517,0.015841453,0.0045192204456453305
93,APKL0011,Bangaruplayam_KL,Chittoor,Andhra Pradesh,Rural,1087,6.2837529,6.2837529,0,0,0,0,0,0,0,0,0,0,0,0,0,0,0,0
94,APJLG0327,Bantumilli_JLG,Krishna,Andhra Pradesh,Rural,894,3.26312359100001,3.18328949500001,24,0,0,0.079834096,0.0034093239999999996,0.014930979,0.015246866,0.019319624,0.0068475559999999994,0,0.020079747,0,0.079834096,0.02446554467633088,0.04624692699999999,0.01417259435945154
95,APKL0053,Bobbili_KL,Vizianagaram,Andhra Pradesh,Rural,1073,8.4695454,8.4695454,0,0,0,0,0,0,0,0,0,0,0,0,0,0,0,0
96,ORJLG0290,Chatrapur_JLG,Ganjam,Orissa,Rural,1795,8.40020321899997,8.40020321899997,0,0,0,0,0,0,0,0,0,0,0,0,0,0,0,0
97,APKL0078,Chennekothapalli_KL,Sri Sathya Sai,Andhra Pradesh,Rural,1455,6.6504048,6.6504048,0,0,0,0,0,0,0,0,0,0,0,0,0,0,0,0
98,APJLG0228,Cherukupalli_JLG,Bapatla,Andhra Pradesh,rural,2533,6.72910658300001,6.63888179700001,34,0,0,0.09022478600000002,0.015723721,0.028230602,0.013103742,0.011755811,0.014137703,0.0034297150000000003,0.003843492,0,0.09022478600000002,0.013408137452888356,0.033166720999999996,0.004928844652838507
99,APKL0026,Chilakaluripet_KL,Palnadu,Andhra Pradesh,Rural,2532,10.4961469,10.4961469,0,0,0,0,0,0,0,0,0,0,0,0,0,0,0,0
100,APJLG0286,Chintalapudi_JLG,Eluru,Andhra Pradesh,Rural,2158,9.34392949599998,9.28982529399998,13,0,0,0.054104202000000004,0.054104202000000004,0,0,0,0,0,0,0,0.054104202000000004,0.005790305034210857,0,0
101,APJLG0272,Chodavaram_JLG,Anakapalle,Andhra Pradesh,Rural,1599,7.19080679599998,7.19080679599998,0,0,0,0,0,0,0,0,0,0,0,0,0,0,0,0
102,APMP0248,Cumbum_LH,Prakasam,Andhra Pradesh,Rural,254,3.084762341,3.0784480789999997,2,0,0,0.006314262,0.0023550380000000003,0.003959224,0,0,0,0,0,0,0.006314262,0.002046920087189952,0,0
103,APKL0046,Darsi_KL,Prakasam,Andhra Pradesh,Rural,1138,6.0887993,6.0887993,0,0,0,0,0,0,0,0,0,0,0,0,0,0,0,0
104,APKL0175,Gajuwaka_KL,Visakhapatnam,Andhra Pradesh,Urban,769,4.5950553,4.5950553,0,0,0,0,0,0,0,0,0,0,0,0,0,0,0,0
105,APKL0213,Gopalapatnam_KL,Visakhapatnam,Andhra Pradesh,Rural,739,5.6906536,5.6906536,0,0,0,0,0,0,0,0,0,0,0,0,0,0,0,0
106,APKL0068,Hindupur_KL,Sri Sathya Sai,Andhra Pradesh,Rural,1976,9.9307911,9.9307911,0,0,0,0,0,0,0,0,0,0,0,0,0,0,0,0
107,ORJLG0334,Hinjilicut_JLG,Ganjam,Orissa,Rural,1027,5.13544419199999,5.13544419199999,0,0,0,0,0,0,0,0,0,0,0,0,0,0,0,0
108,TSMP0312,Hyderabad_LH,Hyderabad,Telangana,Urban,3,3.272553199,3.272553199,0,0,0,0,0,0,0,0,0,0,0,0,0,0,0,0
109,APKL0024,Jangareddygudem_KL,Eluru,Andhra Pradesh,Rural,1092,6.293702,6.293702,0,0,0,0,0,0,0,0,0,0,0,0,0,0,0,0
110,APMP0256,Jangareddygudem_LH,Eluru,Andhra Pradesh,Rural,290,5.778007991,5.645432809,3,0,0,0.13257518199999999,0.12813686999999999,0.004438312000000001,0,0,0,0,0,0,0.13257518199999999,0.022944790351017704,0,0
111,APJLG0185,Kaikalur_JLG,Eluru,Andhra Pradesh,Rural,3202,10.486200817,10.486200817,0,0,0,0,0,0,0,0,0,0,0,0,0,0,0,0
112,APKL0039,Kathipudi_KL,Kakinada,Andhra Pradesh,Rural,902,5.3555767,5.3555767,0,0,0,0,0,0,0,0,0,0,0,0,0,0,0,0
113,APKL0105,Komarolu_KL,Prakasam,Andhra Pradesh,Rural,1105,5.6564847,5.6564847,0,0,0,0,0,0,0,0,0,0,0,0,0,0,0,0
114,APKL0007,Koyyalagudem_KL,Eluru,Andhra Pradesh,Rural,1601,10.2830376,10.2830376,0,0,0,0,0,0,0,0,0,0,0,0,0,0,0,0
115,APJLG0323,Kuchipudi_JLG,Krishna,Andhra Pradesh,Rural,1728,5.714367326,5.692746976,8,0,0,0.02162035,0.009084294,0.002547236,0,0,0.0025946479999999997,0.0035507309999999997,0.0038434410000000004,0,0.02162035,0.003783507213760798,0.009988819999999999,0.0017480185347118862
116,APKL0037,Karlapalem_KL,Bapatla,Andhra Pradesh,Rural,1833,9.942454,9.942454,0,0,0,0,0,0,0,0,0,0,0,0,0,0,0,0
117,APKL0182,Kondapalli_KL,NTR,Andhra Pradesh,Rural,1781,8.3687325,8.3687325,0,0,0,0,0,0,0,0,0,0,0,0,0,0,0,0
118,APKL0119,Kota_KL,Tirupati,Andhra Pradesh,Rural,1455,7.1277629,7.1277629,0,0,0,0,0,0,0,0,0,0,0,0,0,0,0,0
119,APJLG0273,Kotananduru_JLG,Kakinada,Andhra Pradesh,Rural,1565,6.76451060699999,6.76451060699999,0,0,0,0,0,0,0,0,0,0,0,0,0,0,0,0
120,TSJLG0284,Kothagudem_JLG,Bhadradri Kothagudem,Telangana,Rural,1470,6.63555384999999,6.63555384999999,0,0,0,0,0,0,0,0,0,0,0,0,0,0,0,0
121,APJLG0196,Koyyalagudem_JLG,Eluru,Andhra Pradesh,Rural,2231,8.47076901000001,8.47076901000001,0,0,0,0,0,0,0,0,0,0,0,0,0,0,0,0
122,APMP0128,Madanapalle_LH,Annamayya,Andhra Pradesh,Rural,730,4.750176614,4.29511761,63,0,0,0.455059004,0.010126638,0.090038222,0.051328247,0.21983494900000003,0.067223228,0.01650772,0,0,0.455059004,0.09579833361539092,0.30356589700000003,0.0639062337398809
123,TSJLG0199,Madhira_JLG,Khammam,Telangana,rural,3245,10.601323287,10.535527395999999,25,0,0,0.065795891,0.032720984,0.017707854999999998,0.015367051999999999,0,0,0,0,0,0.065795891,0.006206384733185431,0,0
124,APKL0034,Mandapet_KL,Dr. B.R. Ambedkar Konaseema,Andhra Pradesh,Rural,1105,5.4017781,5.4017781,0,0,0,0,0,0,0,0,0,0,0,0,0,0,0,0
125,APJLG0237,Mylavaram_JLG,NTR,Andhra Pradesh,Rural,2954,10.394296308,10.368109059,8,0,0,0.026187249,0.014603986,0.0042080419999999995,0.007375221,0,0,0,0,0,0.026187249,0.0025193864234796643,0,0
126,APKL0215,Naidupet_KL,Tirupati,Andhra Pradesh,Rural,1012,7.4020797,7.4020797,0,0,0,0,0,0,0,0,0,0,0,0,0,0,0,0
127,APKL0032,Narasaraopet_KL,Palnadu,Andhra Pradesh,Rural,943,3.9039743,3.9039743,0,0,0,0,0,0,0,0,0,0,0,0,0,0,0,0
128,APMP0096,Narsipatnam_LH,Anakapalle,Andhra Pradesh,Rural,387,4.352747722999999,4.342878121999999,2,0,0,0.009869600999999999,0,0.004702901999999999,0,0,0.005166698999999999,0,0,0,0.009869600999999999,0.0022674415399378295,0.005166698999999999,0.0011869971174067971
129,APKL0122,Nellore_KL,Nellore,Andhra Pradesh,Urban,1179,8.5049778,8.5049778,0,0,0,0,0,0,0,0,0,0,0,0,0,0,0,0
130,APKL0080,Obula Devara Cheruvu_KL,Sri Sathya Sai,Andhra Pradesh,Rural,1580,5.4700226,5.4700226,0,0,0,0,0,0,0,0,0,0,0,0,0,0,0,0
131,APKL0113,Ongole_KL,Prakasam,Andhra Pradesh,Rural,1028,6.8852496,6.8852496,0,0,0,0,0,0,0,0,0,0,0,0,0,0,0,0
132,APKL0101,Palasa_KL,Srikakulam,Andhra Pradesh,Rural,1527,14.9695358,14.9695358,0,0,0,0,0,0,0,0,0,0,0,0,0,0,0,0
133,APKL0120,Pamidi_KL,Anantapur,Andhra Pradesh,Rural,929,6.3627457,6.3627457,0,0,0,0,0,0,0,0,0,0,0,0,0,0,0,0
134,APKL0247,Pathapatnam_KL,Srikakulam,Andhra Pradesh,Rural,298,3.1869267,3.1869267,0,0,0,0,0,0,0,0,0,0,0,0,0,0,0,0
135,APKL0170,Pattikonda_KL,Kurnool,Andhra Pradesh,Rural,1110,9.5822426,9.5822426,0,0,0,0,0,0,0,0,0,0,0,0,0,0,0,0
136,KAKL0210,Pavagada_KL,Tumkur,Karnataka,Rural,640,4.4892353,4.4892353,0,0,0,0,0,0,0,0,0,0,0,0,0,0,0,0
137,APJLG0229,Pedanandipadu_JLG,Guntur,Andhra Pradesh,Rural,3593,9.207541869300071,9.11375021730007,34,0,0,0.093791652,0.049735591999999995,0.018229325,0.013019828,0.006169955,0.006636952000000001,0,0,0,0.093791652,0.010186394298430679,0.012806907000000001,0.0013909148806263906
138,APJLG0241,Pithapuram_JLG,Kakinada,Andhra Pradesh,Rural,4023,11.342308479000001,11.207917711000002,46,0,0,0.134390768,0.059265672,0.075125096,0,0,0,0,0,0,0.134390768,0.011848625722781312,0,0
139,APJLG0278,Podili_JLG,Prakasam,Andhra Pradesh,Rural,2036,7.9177181349999906,7.91065596399999,2,0,0,0.007062171,0,0.003511017,0,0.003551154,0,0,0,0,0.007062171,0.0008919452397253099,0.003551154,0.0004485072516413852
140,APKL0073,Podili_KL,Prakasam,Andhra Pradesh,Rural,1542,7.2650945,7.2650945,0,0,0,0,0,0,0,0,0,0,0,0,0,0,0,0
141,APMP0232,Podili_LH,Prakasam,Andhra Pradesh,Rural,404,6.272412395,6.272412395,0,0,0,0,0,0,0,0,0,0,0,0,0,0,0,0
142,APJLG0226,Ponnur_JLG,Guntur,Andhra Pradesh,Rural,2276,5.50767780899999,5.47183580899999,16,0,0,0.035842,0.016134961,0.00573422,0.011407264,0,0.0025655549999999997,0,0,0,0.035842,0.006507642829330227,0.0025655549999999997,0.0004658142848893005
143,APKL0054,Ponnur_KL,Guntur,Andhra Pradesh,Rural,968,5.7752646,5.7752646,0,0,0,0,0,0,0,0,0,0,0,0,0,0,0,0
144,APMP0161,Ponnur_LH,Guntur,Andhra Pradesh,Rural,318,3.522415347,3.512936896,1,0,0,0.009478450999999999,0,0.009478450999999999,0,0,0,0,0,0,0.009478450999999999,0.0026908953278529987,0,0
145,APJLG0291,Madanapalle_JLG,Annamayya,Andhra Pradesh,Rural,2046,9.60940010099997,9.60940010099997,0,0,0,0,0,0,0,0,0,0,0,0,0,0,0,0
146,APKL0010,Madanapalle_KL,Annamayya,Andhra Pradesh,Rural,1181,10.2360731,10.2360731,0,0,0,0,0,0,0,0,0,0,0,0,0,0,0,0
147,KAMP0165,Madhugiri_LH,Tumkur,Karnataka,Rural,277,2.8209360329999997,2.7534269709999997,7,0,0,0.067509062,0.049840921999999996,0.01766814,0,0,0,0,0,0,0.067509062,0.023931440206464264,0,0
148,APJLG0280,Markapuram_JLG,Prakasam,Andhra Pradesh,Rural,2175,9.79581278999997,9.79581278999997,0,0,0,0,0,0,0,0,0,0,0,0,0,0,0,0
149,APKL0154,Markapuram_KL,Prakasam,Andhra Pradesh,Urban,1061,5.7963395,5.7963395,0,0,0,0,0,0,0,0,0,0,0,0,0,0,0,0
150,KAMP0178,Mulbagal_LH,Kolar,Karnataka,Rural,375,3.7069974840000004,3.6016970720000003,15,0,0,0.10530041200000001,0.010104897,0.029925787,0.031008668,0.013529341,0.011852019,0.0088797,0,0,0.10530041200000001,0.028405849330757193,0.034261059999999996,0.009242266860950477
151,APJLG0268,Mundlamuru_JLG,Prakasam,Andhra Pradesh,Rural,2613,9.404642468,9.404642468,0,0,0,0,0,0,0,0,0,0,0,0,0,0,0,0
152,APKL0021,Mydukur_KL,Kadapa,Andhra Pradesh,Rural,1571,9.3235045,9.3235045,0,0,0,0,0,0,0,0,0,0,0,0,0,0,0,0
153,APKL0090,Nallajerla_KL,East Godavari,Andhra Pradesh,Rural,950,7.1077248,7.1077248,0,0,0,0,0,0,0,0,0,0,0,0,0,0,0,0
154,APKL0091,Nandyal_KL,Nandyal,Andhra Pradesh,Urban,863,6.8761599,6.8761599,0,0,0,0,0,0,0,0,0,0,0,0,0,0,0,0
155,APKL0072,Narayanapuram_KL,Eluru,Andhra Pradesh,Rural,1387,6.9916903,6.9916903,0,0,0,0,0,0,0,0,0,0,0,0,0,0,0,0
156,APKL0094,Narsipatnam_KL,Anakapalle,Andhra Pradesh,Rural,1001,4.0550952,4.0550952,0,0,0,0,0,0,0,0,0,0,0,0,0,0,0,0
157,APJLG0262,Nidadavolu_JLG,East Godavari,Andhra Pradesh,Rural,3763,8.35622250800003,8.24850225700003,48,0,0,0.10772025100000002,0.07585631600000001,0.010104957000000001,0.016440884,0.0024197349999999997,0,0,0.002898359,0,0.10772025100000002,0.01289102233657271,0.005318094,0.0006364232157423518
158,APMP0142,Palakollu_LH,West Godavari,Andhra Pradesh,Rural,310,3.793687928,3.634641518,9,0,0,0.15904641,0,0.016959662,0.008866225,0.010434898,0.034519711,0.079194055,0.009071859,0,0.15904641,0.04192395711469285,0.13322052299999998,0.03511636316122415
159,APJLG0292,Palamaner_JLG,Chittoor,Andhra Pradesh,Rural,1984,9.10484883999999,9.10484883999999,0,0,0,0,0,0,0,0,0,0,0,0,0,0,0,0
160,APKL0017,Palamaner_KL,Chittoor,Andhra Pradesh,Rural,863,4.2426349,4.2426349,0,0,0,0,0,0,0,0,0,0,0,0,0,0,0,0
161,KAMP0139,Pavagada_LH,Tumkur,Karnataka,Rural,265,2.7741116949999998,2.755604606,3,0,0,0.018507089,0,0.007755781,0.006047475,0,0,0.004703833,0,0,0.018507089,0.006671356828694673,0.004703833,0.001695617738996627
162,APKL0047,Piler_KL,Annamayya,Andhra Pradesh,Rural,721,3.8708735,3.8708735,0,0,0,0,0,0,0,0,0,0,0,0,0,0,0,0
163,APKL0005,Prathipadu(EG)_KL,Kakinada,Andhra Pradesh,Rural,740,4.6408647,4.6408647,0,0,0,0,0,0,0,0,0,0,0,0,0,0,0,0
164,APJLG0263,Prathipadu-EG_JLG,Kakinada,Andhra Pradesh,Rural,2863,10.994455227,10.992407992999999,1,0,0,0.002047234,0.002047234,0,0,0,0,0,0,0,0.002047234,0.00018620604274893377,0,0
165,APJLG0239,Rajanagaram_JLG,East Godavari,Andhra Pradesh,Rural,5217,13.223819756000001,13.216950082,4,0,0,0.006869673999999999,0.005177429,0.001060037,0,0,0.000632208,0,0,0,0.006869673999999999,0.0005194924104196931,0.000632208,4.7808274134495086e-05
166,APMP0164,Rayadurgam_LH,Anantapur,Andhra Pradesh,Rural,220,2.630779409,2.622658735,1,0,0,0.008120674000000001,0,0,0,0,0.008120674000000001,0,0,0,0.008120674000000001,0.003086793963879623,0.008120674000000001,0.003086793963879623
167,APMP0159,Repalle_LH,Bapatla,Andhra Pradesh,Rural,366,4.848011399,4.848011399,0,0,0,0,0,0,0,0,0,0,0,0,0,0,0,0
168,APKL0214,Sompeta,Srikakulam,Andhra Pradesh,Rural,717,5.1321522,5.1321522,0,0,0,0,0,0,0,0,0,0,0,0,0,0,0,0
169,APKL0066,Tagarapuvalasa_KL,Visakhapatnam,Andhra Pradesh,Rural,1255,6.5152714,6.5152714,0,0,0,0,0,0,0,0,0,0,0,0,0,0,0,0
170,APKL0220,Tanuku_KL,West Godavari,Andhra Pradesh,Rural,824,4.2050483,4.2050483,0,0,0,0,0,0,0,0,0,0,0,0,0,0,0,0
171,APKL0191,Tekkali_KL,Srikakulam,Andhra Pradesh,Rural,521,3.724145,3.724145,0,0,0,0,0,0,0,0,0,0,0,0,0,0,0,0
172,APJLG0267,Tetagunta_JLG,Kakinada,Andhra Pradesh,Rural,2600,10.825109138,10.825109138,0,0,0,0,0,0,0,0,0,0,0,0,0,0,0,0
173,APKL0206,Uravakonda_KL,Anantapur,Andhra Pradesh,Rural,1857,11.9623822,11.9623822,0,0,0,0,0,0,0,0,0,0,0,0,0,0,0,0
174,TNKL0062,Vellore_KL,Vellore,Tamil Nadu,Urban,639,3.6426796,3.6426796,0,0,0,0,0,0,0,0,0,0,0,0,0,0,0,0
175,APMP0100,Nandyal_LH,Nandyal,Andhra Pradesh,Rural,164,2.292105661,2.292105661,0,0,0,0,0,0,0,0,0,0,0,0,0,0,0,0
176,APMP0230,Ongole_LH,Prakasam,Andhra Pradesh,Urban,276,3.435685963,3.435685963,0,0,0,0,0,0,0,0,0,0,0,0,0,0,0,0
177,APJLG0266,P.Gannavaram_JLG,Ambedkar konaseem,Andhra Pradesh,Rural,1910,8.31088224399998,8.31088224399998,0,0,0,0,0,0,0,0,0,0,0,0,0,0,0,0
178,APMP0126,Palamaner_LH,Chittoor,Andhra Pradesh,Rural,551,3.5671636920000003,3.3178049290000002,38,0,0,0.24935876299999998,0.022085393,0.11761571999999999,0.030153828000000004,0.061880467,0.011541311,0.006082044,0,0,0.24935876299999998,0.06990393055391078,0.079503822,0.022287685361426356
179,APKL0049,Parvathipuram_KL,Parvathipuram Manyam,Andhra Pradesh,Rural,1357,7.3859979,7.3859979,0,0,0,0,0,0,0,0,0,0,0,0,0,0,0,0
180,APKL0067,Patnam Bazar_KL,Guntur,Andhra Pradesh,Urban,771,6.2171944,6.2171944,0,0,0,0,0,0,0,0,0,0,0,0,0,0,0,0
181,APMP0234,Patnam Bazar_LH,Guntur,Andhra Pradesh,Urban,175,1.775404098,1.775404098,0,0,0,0,0,0,0,0,0,0,0,0,0,0,0,0
182,APJLG0243,Pedana_JLG,Krishna,Andhra Pradesh,Rural,2754,10.844857624,10.806001274,13,0,0,0.03885635,0,0.008144591999999999,0.008437195,0.00290099,0.0062686650000000005,0.013104908,0,0,0.03885635,0.003582928549841882,0.022274563,0.0020539285781590822
183,APJLG0194,Penugonda_JLG,West Godavari,Andhra Pradesh,Rural,2432,9.101075694,9.097994336000001,1,0,0,0.003081358,0.003081358,0,0,0,0,0,0,0,0.003081358,0.0003385707474152121,0,0
184,APKL0055,Prathipadu_KL,Guntur,Andhra Pradesh,Rural,330,2.0780743,2.0780743,0,0,0,0,0,0,0,0,0,0,0,0,0,0,0,0
185,APJLG0294,Punganur_JLG,Chittoor,Andhra Pradesh,Rural,2141,10.224228715999999,10.224228715999999,0,0,0,0,0,0,0,0,0,0,0,0,0,0,0,0
186,APKL0093,Rajanagaram_KL,East Godavari,Andhra Pradesh,Rural,1093,4.9185548,4.9185548,0,0,0,0,0,0,0,0,0,0,0,0,0,0,0,0
187,APKL0108,Ranasthalam_KL,Srikakulam,Andhra Pradesh,Rural,811,4.4064012,4.4064012,0,0,0,0,0,0,0,0,0,0,0,0,0,0,0,0
188,APMP0140,Ravulapalem_LH,Dr. B.R. Ambedkar Konaseema,Andhra Pradesh,Rural,201,3.82323018,3.801462241,1,0,0,0.021767939,0.021767939,0,0,0,0,0,0,0,0.021767939,0.005693598861473729,0,0
189,APJLG0270,Repalle_JLG,Bapatla,Andhra Pradesh,Rural,2564,8.31926820399999,8.22035959999999,31,0,0,0.09890860400000001,0.050731753000000004,0.024589835,0.006310722,0.009452404,0.00782389,0,0,0,0.09890860400000001,0.01188909908595611,0.017276293999999998,0.002076660299483238
190,APKL0036,Repalle_KL,Bapatla,Andhra Pradesh,Rural,1342,5.6253651,5.6253651,0,0,0,0,0,0,0,0,0,0,0,0,0,0,0,0
191,APJLG0245,Sattenapalli_JLG,Palnadu,Andhra Pradesh,Rural,3261,11.313056518000002,11.264643582000001,14,0,0,0.048412936000000004,0.043260025,0.0051529110000000005,0,0,0,0,0,0,0.048412936000000004,0.004279386028256029,0,0
192,TSKL0075,Serilingampally_KL,Rangareddi,Telangana,Rural,751,8.318986101,8.2882256,1,0,0,0.030760501000000003,0,0,0,0,0.030760501000000003,0,0,0,0.030760501000000003,0.003697626204268135,0.030760501000000003,0.003697626204268135
193,APKL0116,Singarayakonda_KL,Prakasam,Andhra Pradesh,Rural,997,4.224094,4.224094,0,0,0,0,0,0,0,0,0,0,0,0,0,0,0,0
194,APKL0087,Srungavarapukota_KL,Vizianagaram,Andhra Pradesh,Rural,959,4.7888855,4.7888855,0,0,0,0,0,0,0,0,0,0,0,0,0,0,0,0
195,APMP0150,Tadepalligudem_LH,West Godavari,Andhra Pradesh,Rural,231,2.794429135,2.7071110800000002,5,0,0,0.087318055,0,0.040812637,0.029508411,0.008499243,0,0.008497764,0,0,0.087318055,0.031247188882462036,0.016997007,0.006082461275225718
196,TNMP0166,Vellore_LH,Vellore,Tamil Nadu,Urban,131,0.9753937770000011,0.9440833770000011,5,0,0,0.0313104,0,0.0051463080000000005,0.010574598,0,0,0,0.015589494,0,0.0313104,0.032100266311213065,0.015589494,0.01598276959275698
197,TSJLG0279,Vemsoor_JLG,Khammam,Telangana,Rural,1545,6.63773262400001,6.63773262400001,0,0,0,0,0,0,0,0,0,0,0,0,0,0,0,0
198,APKL0015,Venkatagirikota_KL,Chittoor,Andhra Pradesh,Rural,940,6.1027204,6.1027204,0,0,0,0,0,0,0,0,0,0,0,0,0,0,0,0
199,APKL0144,Vinukonda-2_KL,Palnadu,Andhra Pradesh,Rural,1409,8.9445331,8.9445331,0,0,0,0,0,0,0,0,0,0,0,0,0,0,0,0
200,APJLG0236,Vissannapeta_JLG,NTR,Andhra Pradesh,Rural,2587,9.21848019000001,9.10047482600001,32,0,0,0.11800536399999999,0.041721616999999996,0.045136332,0.031147415,0,0,0,0,0,0.11800536399999999,0.012800956509947206,0,0
201,TSJLG0222,Wyra_JLG,Khammam,Telangana,Rural,3119,9.85079891399999,9.82853180899999,6,0,0,0.022267105,0.022267105,0,0,0,0,0,0,0,0.022267105,0.0022604364574282305,0,0
202,APKL0189,Yemmiganur_KL,Kurnool,Andhra Pradesh,Rural,964,7.6013762,7.6013762,0,0,0,0,0,0,0,0,0,0,0,0,0,0,0,0
203,APJLG0298,Kuppam_JLG,Chittoor,Andhra Pradesh,Rural,1037,5.06609212999999,5.06609212999999,0,0,0,0,0,0,0,0,0,0,0,0,0,0,0,0
204,APKL0112,Macherla_KL,Palnadu,Andhra Pradesh,Rural,703,3.1247372,3.1247372,0,0,0,0,0,0,0,0,0,0,0,0,0,0,0,0
205,APKL0133,Madhurawada_KL,Visakhapatnam,Andhra Pradesh,rural,509,2.5211656,2.5211656,0,0,0,0,0,0,0,0,0,0,0,0,0,0,0,0
206,APJLG0332,Martur_JLG,Bapatla,Andhra Pradesh,Rural,1614,6.404284007,6.404284007,0,0,0,0,0,0,0,0,0,0,0,0,0,0,0,0
207,APKL0092,Medarametla_KL,Bapatla,Andhra Pradesh,Rural,916,3.8613103,3.8613103,0,0,0,0,0,0,0,0,0,0,0,0,0,0,0,0
208,APJLG0187,Mudinepalli_JLG,Eluru,Andhra Pradesh,Rural,3047,10.082448329,10.052462253,11,0,0,0.029986075999999997,0.007983236,0.012147011999999999,0.009855828,0,0,0,0,0,0.029986075999999997,0.002974086751702112,0,0
209,APKL0035,Mummadivaram_KL,Dr. B.R. Ambedkar Konaseema,Andhra Pradesh,Rural,1269,7.3330644,7.3330644,0,0,0,0,0,0,0,0,0,0,0,0,0,0,0,0
210,APKL0188,Narasannapeta_KL,Srikakulam,Andhra Pradesh,Urban,348,2.3990301,2.3990301,0,0,0,0,0,0,0,0,0,0,0,0,0,0,0,0
211,TSJLG0302,Nereducherla_JLG,Suryapet,Telangana,Rural,1021,3.8728017049999997,3.8562427679999995,6,0,0,0.016558937000000003,0.0049981620000000004,0.0025875159999999998,0,0.002918544,0.0060547150000000004,0,0,0,0.016558937000000003,0.004275699677218564,0.008973259,0.002316994177216724
212,APMP0148,Nidadavolu_LH,East Godavari,Andhra Pradesh,Rural,377,5.4698736100000005,5.4698736100000005,0,0,0,0,0,0,0,0,0,0,0,0,0,0,0,0
213,APKL0217,Palakollu_KL,West Godavari,Andhra Pradesh,Rural,1196,7.0290688,7.0290688,0,0,0,0,0,0,0,0,0,0,0,0,0,0,0,0
214,APKL0052,Palakonda_KL,Parvathipuram Manyam,Andhra Pradesh,Rural,1146,10.0616682,10.0616682,0,0,0,0,0,0,0,0,0,0,0,0,0,0,0,0
215,APKL0077,Pamuru_KL,Prakasam,Andhra Pradesh,Rural,807,5.5631911,5.5631911,0,0,0,0,0,0,0,0,0,0,0,0,0,0,0,0
216,APJLG0325,Peddapuram_JLG,East Godavari,Andhra Pradesh,Rural,1734,6.24936384800001,6.24678281700001,1,0,0,0.002581031,0.002581031,0,0,0,0,0,0,0,0.002581031,0.00041300699763640897,0,0
217,APKL0008,Punganur_KL,Chittoor,Andhra Pradesh,Rural,1705,8.8535962,8.8535962,0,0,0,0,0,0,0,0,0,0,0,0,0,0,0,0
218,APKL0030,Rajahmundry_KL,East Godavari,Andhra Pradesh,Urban,937,5.9932253,5.9932253,0,0,0,0,0,0,0,0,0,0,0,0,0,0,0,0
219,APKL0014,Rajam_KL,Vizianagaram,Andhra Pradesh,Rural,698,3.6349285,3.6349285,0,0,0,0,0,0,0,0,0,0,0,0,0,0,0,0
220,APKL0114,Ravulapalem_KL,Dr. B.R. Ambedkar Konaseema,Andhra Pradesh,Rural,994,4.9568924,4.9568924,0,0,0,0,0,0,0,0,0,0,0,0,0,0,0,0
221,APKL0058,Salur_KL,Parvathipuram Manyam,Andhra Pradesh,Rural,1240,6.3248692,6.3248692,0,0,0,0,0,0,0,0,0,0,0,0,0,0,0,0
222,APMP0145,Samarlakota_LH,Kakinada,Andhra Pradesh,Rural,363,5.272465207,4.897231742,23,0,0,0.375233465,0.020193642,0.06847879,0.238592206,0.006982127,0,0,0.0409867,0,0.375233465,0.07116850472561118,0.047968827,0.009097988344487145
223,APKL0132,Sujatha Nagar_KL,Visakhapatnam,Andhra Pradesh,Rural,535,3.4443471,3.4443471,0,0,0,0,0,0,0,0,0,0,0,0,0,0,0,0
224,APKL0085,T Sundupalle_KL,Annamayya,Andhra Pradesh,Rural,1657,10.6263328609,10.6263328609,0,0,0,0,0,0,0,0,0,0,0,0,0,0,0,0
225,APKL0029,Tadepalligudem_KL,West Godavari,Andhra Pradesh,Rural,1880,9.4209803,9.4209803,0,0,0,0,0,0,0,0,0,0,0,0,0,0,0,0
226,APKL0064,Tadikonda_KL,Guntur,Andhra Pradesh,Rural,670,3.0979778,3.0979778,0,0,0,0,0,0,0,0,0,0,0,0,0,0,0,0
227,APKL0181,Tadithota(Rajahmundry-2)_KL,East Godavari,Andhra Pradesh,Urban,978,7.838616,7.838616,0,0,0,0,0,0,0,0,0,0,0,0,0,0,0,0
228,APKL0023,Tallapudi_KL,East Godavari,Andhra Pradesh,Rural,1868,7.4674525,7.4674525,0,0,0,0,0,0,0,0,0,0,0,0,0,0,0,0
229,ORJLG0318,Tangi_JLG,Khordha ,Orissa,Rural,1499,7.36784196499998,7.36784196499998,0,0,0,0,0,0,0,0,0,0,0,0,0,0,0,0
230,APKL0123,Tanguturu_KL,Prakasam,Andhra Pradesh,Rural,685,3.1226603,3.1226603,0,0,0,0,0,0,0,0,0,0,0,0,0,0,0,0
231,APKL0069,Thullur_KL,Guntur,Andhra Pradesh,Rural,561,3.5945761,3.5945761,0,0,0,0,0,0,0,0,0,0,0,0,0,0,0,0
232,APJLG0242,Undi_JLG,West Godavari,Andhra Pradesh,Rural,2715,10.810787108,10.803885761,2,0,0,0.006901347,0.003818114,0,0.0030832330000000003,0,0,0,0,0,0.006901347,0.0006383759971457576,0,0
233,APKL0012,Proddatur_KL,Kadapa,Andhra Pradesh,Rural,1799,10.4960776,10.4960776,0,0,0,0,0,0,0,0,0,0,0,0,0,0,0,0
234,ORJLG0297,Purusottampur_JLG,Ganjam,Orissa,Rural,1780,8.36119925999998,8.36119925999998,0,0,0,0,0,0,0,0,0,0,0,0,0,0,0,0
235,APJLG0295,Puthalapattu_JLG,Chittoor,Andhra Pradesh,Rural,1200,6.0157530119999905,6.0157530119999905,0,0,0,0,0,0,0,0,0,0,0,0,0,0,0,0
236,APKL0009,Rayachoti_KL,Annamayya,Andhra Pradesh,Rural,1161,6.3750875,6.3750875,0,0,0,0,0,0,0,0,0,0,0,0,0,0,0,0
237,APKL0173,Rayadurgam_KL,Anantapur,Andhra Pradesh,Rural,1009,5.7029831,5.7029831,0,0,0,0,0,0,0,0,0,0,0,0,0,0,0,0
238,APKL0103,Srikakulam_KL,Srikakulam,Andhra Pradesh,Urban,1066,6.3965556,6.3965556,0,0,0,0,0,0,0,0,0,0,0,0,0,0,0,0
239,APKL0233,Sullurpeta_KL,Tirupati,Andhra Pradesh,Rural,1158,8.8418664,8.8418664,0,0,0,0,0,0,0,0,0,0,0,0,0,0,0,0
240,APKL0102,Tadipatri_KL,Anantapur,Andhra Pradesh,Rural,970,7.5560699,7.5560699,0,0,0,0,0,0,0,0,0,0,0,0,0,0,0,0
241,APKL0038,Tenali_KL,Guntur,Andhra Pradesh,Rural,669,5.8377311,5.8377311,0,0,0,0,0,0,0,0,0,0,0,0,0,0,0,0
242,APMP0162,Tenali_LH,Guntur,Andhra Pradesh,Rural,413,3.522701553,3.5154062390000003,3,0,0,0.007295314,0,0.007295314,0,0,0,0,0,0,0.007295314,0.002070942965289572,0,0
243,APKL0031,Tuni_KL,Kakinada,Andhra Pradesh,Rural,1026,6.9119491,6.9119491,0,0,0,0,0,0,0,0,0,0,0,0,0,0,0,0
244,APMP0151,Tuni_LH,Kakinada,Andhra Pradesh,Rural,342,5.3881041100000004,5.328650946000001,5,0,0,0.059453164,0.005897655,0.031361973,0,0.016630622,0.0055629139999999995,0,0,0,0.059453164,0.0110341527903402,0.022193536,0.004118987968107394
245,APKL0207,Vetapalem_KL,Bapatla,Andhra Pradesh,Rural,1558,7.2301175,7.2301175,0,0,0,0,0,0,0,0,0,0,0,0,0,0,0,0
246,APKL0086,Vizianagaram_KL,Vizianagaram,Andhra Pradesh,Urban,631,4.4057995,4.4057995,0,0,0,0,0,0,0,0,0,0,0,0,0,0,0,0
247,APJLG0186,Vuyyuru_JLG,Krishna,Andhra Pradesh,Rural,3858,11.945286238,11.936999882,3,0,0,0.008286356,0.008286356,0,0,0,0,0,0,0,0.008286356,0.0006936925440630869,0,0
248,PUJLG0264,Yanam_JLG,Yanam,Pondicherry,Rural,2265,9.53307660599997,9.53307660599997,0,0,0,0,0,0,0,0,0,0,0,0,0,0,0,0
249,APKL0212,Yelamanchili_KL,Visakhapatnam,Andhra Pradesh,Rural,664,3.9707395,3.9707395,0,0,0,0,0,0,0,0,0,0,0,0,0,0,0,0
250,APKL0125,Yeleswaram_KL,Kakinada,Andhra Pradesh,Rural,1110,5.9225959,5.9225959,0,0,0,0,0,0,0,0,0,0,0,0,0,0,0,0
251,APJLG0293,Venkatagirikota_JLG,Chittoor,Andhra Pradesh,Rural,1120,5.615071854,5.615071854,0,0,0,0,0,0,0,0,0,0,0,0,0,0,0,0
252,APKL0089,Vissannapeta_KL,NTR,Andhra Pradesh,Rural,976,4.4327668,4.4327668,0,0,0,0,0,0,0,0,0,0,0,0,0,0,0,0
253,APJLG0197,Unguturu_JLG,Eluru,Andhra Pradesh,Rural,2076,7.20595528199999,7.20595528199999,0,0,0,0,0,0,0,0,0,0,0,0,0,0,0,0
254,APKL0211,Veeraghattam_KL,Parvathipuram Manyam,Andhra Pradesh,Rural,403,2.5075107,2.5075107,0,0,0,0,0,0,0,0,0,0,0,0,0,0,0,0
255,APJLG0195,Veeravasaram_JLG,West Godavari,Andhra Pradesh,Rural,2090,7.83074741600001,7.80350669500001,7,0,0,0.027240721,0.007425366,0.012096108,0.003702439,0.004016808,0,0,0,0,0.027240721,0.003478687225224628,0.004016808,0.0005129533346705503
256,APMP0163,Venkatagirikota_LH,Chittoor,Andhra Pradesh,Rural,356,4.296992471,4.284470525000001,2,0,0,0.012521946,0,0.012521946,0,0,0,0,0,0,0.012521946,0.002914118673586105,0,0
257,APKL0027,Vinukonda_KL,Palnadu,Andhra Pradesh,Rural,2207,13.9515811,13.9515811,0,0,0,0,0,0,0,0,0,0,0,0,0,0,0,0
258,PUMP0149,Yanam_LH,Yanam,Pondicherry,Urban,356,4.775145268999999,4.637279615,11,0,0,0.137865654,0,0.092820887,0,0.038242459,0,0.006802308,0,0,0.137865654,0.02887150991929331,0.045044767,0.009433172073827437
259,TSKL0310,Madhira_KL,Khammam,Telangana,Urban,398,3.617484,3.617484,0,0,0,0,0,0,0,0,0,0,0,0,0,0,0,0
260,TSKL0311,Maripeda_KL,Mahabubabad,Telangana,Urban,540,3.7985896,3.7985896,0,0,0,0,0,0,0,0,0,0,0,0,0,0,0,0
261,TSKL0306,Wyra_KL,Khammam,Telangana,Urban,523,3.9200576,3.9200576,0,0,0,0,0,0,0,0,0,0,0,0,0,0,0,0
262,TSKL0307,Suryapet_KL,Nalgonda,Telangana,Urban,424,3.4967431,3.4967431,0,0,0,0,0,0,0,0,0,0,0,0,0,0,0,0
263,APJLG0331,Perecherla_JLG,Guntur,Andhra Pradesh,Rural,1216,5.135190986,5.131701882,1,0,0,0.0034891040000000003,0,0,0,0,0.0034891040000000003,0,0,0,0.0034891040000000003,0.0006794497048916577,0.0034891040000000003,0.0006794497048916577
264,TSKL0308,Sathupalli_KL,Khammam,Telangana,Urban,743,5.8921576,5.8921576,0,0,0,0,0,0,0,0,0,0,0,0,0,0,0,0
265,APJLG0352,Chirala_JLG,Bapatla,Andhra Pradesh,Rural,1339,4.94725663,4.94725663,0,0,0,0,0,0,0,0,0,0,0,0,0,0,0,0
266,APJLG0326,Denduluru_JLG,West Godavari,Andhra Pradesh,Rural,1629,6.54207361499999,6.53145909099999,3,0,0,0.010614524,0.010614524,0,0,0,0,0,0,0,0.010614524,0.001622501461258781,0,0
267,APJLG0322,Devarapalli_JLG,West Godavari,Andhra Pradesh,Rural,1535,5.66720453099999,5.66720453099999,0,0,0,0,0,0,0,0,0,0,0,0,0,0,0,0
268,TSJLG0328,Enkuru_JLG,Khammam,Telangana,Rural,1357,5.84986551099999,5.845655864999991,1,0,0,0.004209646,0.004209646,0,0,0,0,0,0,0,0.004209646,0.0007196141504593998,0,0
269,TSKL0299,Khammam_KL,Khammam,Telangana,Urban,591,5.2407345,5.2407345,0,0,0,0,0,0,0,0,0,0,0,0,0,0,0,0
270,APJLG0324,Nallajerla_JLG,East Godavari,Andhra Pradesh,Rural,1572,6.28054058899998,6.2752525889999795,1,0,0,0.005288,0.005288,0,0,0,0,0,0,0,0.005288,0.000841965739264808,0,0
271,APJLG0355,Rompicherla_JLG,Palnadu,Andhra Pradesh,Rural,336,1.601476258,1.601476258,0,0,0,0,0,0,0,0,0,0,0,0,0,0,0,0
272,APMP0146,Kakinada_LH,Kakinada,Andhra Pradesh,Urban,191,2.194099092,2.071729506,10,0,0,0.122369586,0,0.029643819000000002,0.005071965,0.035352411,0.052301390999999996,0,0,0,0.122369586,0.05577213282945016,0.087653802,0.03994979183921015
273,APKL0219,Akividu_KL,West Godavari,Andhra Pradesh,Rural,277,1.0852389,1.0852389,0,0,0,0,0,0,0,0,0,0,0,0,0,0,0,0
274,APMP0380,Markapuram_LH,Prakasam,Andhra Pradesh,Urban,74,1.6471396699999998,1.6471396699999998,0,0,0,0,0,0,0,0,0,0,0,0,0,0,0,0
275,TSJLG0313,Palwancha_JLG,Bhadradri Kothagudem,Telangana,Rural,1382,6.95058918799997,6.95058918799997,0,0,0,0,0,0,0,0,0,0,0,0,0,0,0,0
276,APJLG0357,Chandragiri_JLG,Tirupati,Andhra Pradesh,Rural,482,2.528533815,2.528533815,0,0,0,0,0,0,0,0,0,0,0,0,0,0,0,0
277,ORJLG0335,Surada_JLG,Ganjam,Orissa,Rural,695,3.5968194479999998,3.5968194479999998,0,0,0,0,0,0,0,0,0,0,0,0,0,0,0,0
278,APJLG0356,Piler_JLG,Annamayya,Andhra Pradesh,Rural,698,3.6325023159999996,3.6325023159999996,0,0,0,0,0,0,0,0,0,0,0,0,0,0,0,0
279,TSKL0309,Kodad_KL,Suryapet,Telangana,Rural,364,2.5240291,2.5240291,0,0,0,0,0,0,0,0,0,0,0,0,0,0,0,0
280,APJLG0348,Puttur_JLG,Chittoor,Andhra Pradesh,Rural,585,3.077014734,3.077014734,0,0,0,0,0,0,0,0,0,0,0,0,0,0,0,0
281,APKL0300,Venkatagiri_KL,Tirupati,Andhra Pradesh,Rural,449,3.5822891,3.5822891,0,0,0,0,0,0,0,0,0,0,0,0,0,0,0,0
282,ORJLG0358,Konisi_JLG,Ganjam,Orissa,Rural,470,2.426053814,2.426053814,0,0,0,0,0,0,0,0,0,0,0,0,0,0,0,0
283,APJLG0349,Narsipatnam_JLG,Anakapalle,Andhra Pradesh,Rural,426,1.9474979890000002,1.9474979890000002,0,0,0,0,0,0,0,0,0,0,0,0,0,0,0,0
284,APKL0289,Podalakur_KL,Nellore,Andhra Pradesh,Rural,174,1.2333588,1.2333588,0,0,0,0,0,0,0,0,0,0,0,0,0,0,0,0
285,APSL0388,Rajahmundry_SL,East Godavari,Andhra Pradesh,Rural,75,2.647806525,2.647806525,0,0,0,0,0,0,0,0,0,0,0,0,0,0,0,0
286,APSL0387,Annavaram_SL,Kakinada,Andhra Pradesh,Rural,200,7.406565289,7.237879918000001,4,0,0,0.168685371,0,0.041983004,0.080499004,0.046203363,0,0,0,0,0.168685371,0.022775114296302263,0.046203363,0.00623816319672761
287,APKL0330,Cheepurupalli_KL,Vizianagaram,Andhra Pradesh,Rural,72,0.4192561,0.4192561,0,0,0,0,0,0,0,0,0,0,0,0,0,0,0,0
288,APKL0314,Devarapalli_KL,East Godavari,Andhra Pradesh,Rural,78,0.814219,0.814219,0,0,0,0,0,0,0,0,0,0,0,0,0,0,0,0
289,APMP0354,Kadiri_LH,Sri Sathya Sai,Andhra Pradesh,Rural,9,0.3664688,0.3664688,0,0,0,0,0,0,0,0,0,0,0,0,0,0,0,0
290,APKL0315,Rajampet_KL,Kadapa,Andhra Pradesh,Rural,241,2.5007311,2.5007311,0,0,0,0,0,0,0,0,0,0,0,0,0,0,0,0
291,APJLG0373,Guduru_JLG,Krishna,Andhra Pradesh,Rural,236,1.247968,1.247968,0,0,0,0,0,0,0,0,0,0,0,0,0,0,0,0
292,ORJLG0363,Patrapur_JLG,Ganjam,Orissa,Rural,286,1.4164904,1.4164904,0,0,0,0,0,0,0,0,0,0,0,0,0,0,0,0
293,APMP0376,Proddatur_LH,Kadapa,Andhra Pradesh,Rural,5,0.160718,0.160718,0,0,0,0,0,0,0,0,0,0,0,0,0,0,0,0
294,APKL0329,Kothavalasa_KL,Vizianagaram,Andhra Pradesh,Rural,75,0.3272729,0.3272729,0,0,0,0,0,0,0,0,0,0,0,0,0,0,0,0
295,APMP0375,Narasaraopet_LH,Palnadu,Andhra Pradesh,Rural,9,0.710585923,0.710585923,0,0,0,0,0,0,0,0,0,0,0,0,0,0,0,0
296,APKL0316,Jaggampeta_KL,East Godavari,Andhra Pradesh,Rural,62,0.3138706,0.3138706,0,0,0,0,0,0,0,0,0,0,0,0,0,0,0,0
297,TSKL0321,Kothagudem_KL,Bhadradri Kothagudem,Telangana,Rural,2,0.0063524,0.0063524,0,0,0,0,0,0,0,0,0,0,0,0,0,0,0,0
298,APJLG0359,Srikalahasti_JLG,Tirupati,Andhra Pradesh,Rural,136,0.719168,0.719168,0,0,0,0,0,0,0,0,0,0,0,0,0,0,0,0
299,ORJLG0371,Nirakarpur_JLG,Khordha ,Orissa,Rural,41,0.216808,0.216808,0,0,0,0,0,0,0,0,0,0,0,0,0,0,0,0
300,APKL0339,Narpala_KL,Anantapur,Andhra Pradesh,Rural,75,0.4754052,0.4754052,0,0,0,0,0,0,0,0,0,0,0,0,0,0,0,0
301,ORJLG0378,Keshpur_JLG,Ganjam,Orissa,Rural,44,0.232672,0.232672,0,0,0,0,0,0,0,0,0,0,0,0,0,0,0,0
,,,,,Total,363849,1854.7625181421993,1849.028318180199,1125,0,0,5.734199961999999,1.6331531050000003,1.5876041730000001,0.9961683859999999,0.6859358650000003,0.38510999999999995,0.188308561,0.22117886399999998,0.036741008,5.734199962000001,0.003091608713197199,1.5172742980000005,0.0008180423548346017
,,,,,,,,,,,,,,,,,,,,,,,,
KL denotes Gold Loan; JLG - Joint Liability Group Lending and LH - LAP & HL,,,,,,,,,,,,,,,,,,,,,,,,
,,,,,,,,,,,,,,,,,,,,,,,,
Districtwise break-up,,,,,,,,,,,,,,,,,,,,,,,,
,,,,,,,,,,,,,,,,,,,,,,,,
SN,District,State,Number of ActiveLoans,"Principal Outstanding of Active Loans
(In Crs)",Standard Portfolio with 0 DPD,No of loans in arrears,No of loans written off,"Write offs in the quarter 
(In Crs)","Total PAR 
(In Crs)",1-30 DPD Loans Outstanding ,31-60 DPD Loans Oustatnding,61-90 DPD Loans Oustatnding,91 to 120 DPD Loans Oustatnding,121-150 DPD Loans Outstanding,151-180 DPD Loans Outstanding,181-365 DPD Loans Outstanding,>365 DPD Loans Ousttanding,PAR >0 days,% of  PAR >0 days,PAR >90days,% of PAR >90 days,,,
1,Visakhapatnam,Andhra Pradesh,6569,33.980439309,33.980439309,0,0,0,0,0,0,0,0,0,0,0,0,0,0,0,0,,,
2,Bapatla,Andhra Pradesh,25315,110.81504040000007,110.51933032700008,84,0,0,0.29571007299999996,0.07615638200000001,0.062459403,0.031893063,0.028249067999999995,0.036074628,0.0034297150000000003,0.05744781399999999,0,0.29571007299999996,0.002668501242544327,0.12520122499999997,0.0011328445859159634,,,
3,Palnadu,Andhra Pradesh,19707,85.26519830500003,85.16088936000003,34,0,0,0.104308945,0.062014413000000004,0.024290470999999998,0.01100258,0.0070014809999999995,0,0,0,0,0.104308945,0.0012233472398302419,0.0070014809999999995,8.221474731672526e-05,,,
4,Anantapur,Andhra Pradesh,13623,104.68145827400001,104.59306421800001,18,0,0,0.088394056,0,0.01715852,0.01701462,0.010284032,0.028637914,0.00780887,0.0074901,0,0.088394056,0.0008444098645304663,0.054220916,0.0005183987715188176,,,
5,Kakinada,Andhra Pradesh,19871,102.91523363599998,102.00964387799998,95,0,0,0.905589758,0.087404203,0.28261935,0.331546677,0.105168523,0.057864305,0,0.0409867,0,0.905589758,0.008799375233436992,0.204019528,0.0020000023551106634,,,
6,Anakapalle,Andhra Pradesh,5220,28.947643140999986,28.761423850999986,14,0,0,0.18621928999999998,0.149163095,0.019850650999999997,0.012038845,0,0.005166698999999999,0,0,0,0.18621928999999998,0.006432968967212683,0.005166698999999999,0.00017963988941459733,,,
7,Nandyal,Andhra Pradesh,4771,34.879805061,34.879805061,0,0,0,0,0,0,0,0,0,0,0,0,0,0,0,0,,,
8,West Godavari,Andhra Pradesh,18159,84.35773056999999,84.04573505199998,31,0,0,0.311995518,0.027857491,0.069868407,0.055069664,0.027916567,0.034519711,0.087691819,0.009071859,0,0.311995518,0.003698481643494503,0.159199956,0.0018942062426070914,,,
9,Chittoor,Andhra Pradesh,15722,85.78087143099998,85.23774336199997,78,0,0,0.5431280690000001,0.043983995,0.201689923,0.162181057,0.085228465,0.029454041,0.006082044,0.014508544,0,0.5431280690000001,0.00633157555920703,0.135273094,0.0015870093301919394,,,
10,East Godavari,Andhra Pradesh,32944,127.62877298100015,127.33764395900015,108,0,0,0.291129022,0.12120315300000001,0.069488281,0.030160348,0.005264302,0.00533955,0,0.022932380000000002,0.036741008,0.291129022,0.0022810610428993143,0.07027723999999999,0.0005518968139745673,,,
11,Sri Sathya Sai,Andhra Pradesh,11129,64.18278435299999,64.01829497599999,21,0,0,0.164489377,0,0.026944296000000003,0.068184602,0.033865163000000004,0.016743479000000002,0.012259958999999999,0.0064918779999999995,0,0.164489377,0.002562827067384956,0.069360479,0.0010834477710786074,,,
12,Suryapet,Telangana,3399,12.48587402199999,12.32793208199999,57,0,0,0.15794194,0.04200093,0.072952688,0.021703988,0.011832991000000001,0.009451343000000001,0,0,0,0.15794194,0.012649650294541482,0.021284334000000002,0.0017265129186651875,,,
13,NTR,Andhra Pradesh,14968,57.89555650300011,57.580846361000106,84,0,0,0.31471014199999997,0.17522243399999998,0.08091336800000001,0.050259304000000005,0.004106169000000001,0.004208867,0,0,0,0.31471014199999997,0.005435825493510748,0.008315036000000001,0.00014440628308707583,,,
14,Kadapa,Andhra Pradesh,8989,63.44950070000001,63.44950070000001,0,0,0,0,0,0,0,0,0,0,0,0,0,0,0,0,,,
15,Nellore,Andhra Pradesh,4519,31.654048325999998,31.654048325999998,0,0,0,0,0,0,0,0,0,0,0,0,0,0,0,0,,,
16,Prakasam,Andhra Pradesh,21671,117.19626276299998,117.18288632999997,4,0,0,0.013376433,0.0023550380000000003,0.007470241,0,0.003551154,0,0,0,0,0.013376433,0.0001141370269378852,0.003551154,3.0304373882714898e-05,,,
17,Krishna,Andhra Pradesh,23058,93.24691792499998,92.67920812299998,186,0,0,0.5677098020000001,0.266535533,0.112461015,0.042659531,0.06653038000000001,0.035122103999999994,0.016655639,0.0277456,0,0.5677098020000001,0.006088241999125573,0.14605372300000002,0.0015759060306834258,,,
18,Vizianagaram,Andhra Pradesh,4505,26.85504929299999,26.85504929299999,0,0,0,0,0,0,0,0,0,0,0,0,0,0,0,0,,,
19,Srikakulam,Andhra Pradesh,6461,48.7144122,48.7144122,0,0,0,0,0,0,0,0,0,0,0,0,0,0,0,0,,,
20,Khammam,Telangana,16912,71.97520656999987,71.76989910099987,57,0,0,0.20530746900000002,0.17223256200000003,0.017707854999999998,0.015367051999999999,0,0,0,0,0,0.20530746900000002,0.002852474883838328,0,0,,,
21,Dr. B.R. Ambedkar Konaseema,Andhra Pradesh,4928,30.581544034000004,30.489497342000003,9,0,0,0.092046692,0.021767939,0.026402778000000002,0.006982416,0.007854917999999999,0,0.017486954000000002,0.011551687,0,0.092046692,0.003009877195790512,0.036893559,0.0012100415623834588,,,
22,Bhadradri Kothagudem,Telangana,5347,24.99585530399996,24.99585530399996,0,0,0,0,0,0,0,0,0,0,0,0,0,0,0,0,,,
23,Annamayya,Andhra Pradesh,9659,56.13903159189997,55.68397258789997,63,0,0,0.455059004,0.010126638,0.090038222,0.051328247,0.21983494900000003,0.067223228,0.01650772,0,0,0.455059004,0.008105928996211225,0.30356589700000003,0.005451584771916297,,,
24,Hyderabad,Telangana,961,12.960216027000001,12.960216027000001,0,0,0,0,0,0,0,0,0,0,0,0,0,0,0,0,,,
25,Eluru,Andhra Pradesh,19898,89.11500936099998,88.89834390099998,27,0,0,0.21666546000000003,0.190224308,0.016585324,0.009855828,0,0,0,0,0,0.21666546000000003,0.0024313015456498494,0,0,,,
26,Ganjam,Orissa,9049,43.76370025799995,43.54895714599995,41,0,0,0.214743112,0.042304,0.172439112,0,0,0,0,0,0,0.214743112,0.004906877406024305,0,0,,,
27,Guntur,Andhra Pradesh,15191,68.90121351530007,68.71865984030008,68,0,0,0.182553675,0.082655172,0.052027312,0.026182322,0.008997258000000001,0.012691611,0,0,0,0.182553675,0.0026494986907518326,0.021688869,0.0003156183349675943,,,
28,Kolar,Karnataka,654,7.212348283000001,7.075178864000001,19,0,0,0.13716941900000001,0.010104897,0.04084584,0.036116169000000004,0.022007986,0.011852019,0.0088797,0.007362808,0,0.13716941900000001,0.019018690392880462,0.050102513,0.007081448252132838,,,
29,Tirupati,Andhra Pradesh,4692,30.201699915,30.201699915,0,0,0,0,0,0,0,0,0,0,0,0,0,0,0,0,,,
30,Kurnool,Andhra Pradesh,2074,17.1836188,17.1836188,0,0,0,0,0,0,0,0,0,0,0,0,0,0,0,0,,,
31,Tumkur,Karnataka,1182,10.084283028,9.998266876999999,10,0,0,0.086016151,0.049840921999999996,0.025423921,0.006047475,0,0,0.004703833,0,0,0.086016151,0.008529724003299762,0.004703833,0.0004704648373430291,,,
32,Vellore,Tamil Nadu,770,4.618073377000001,4.586762977000001,5,0,0,0.0313104,0,0.0051463080000000005,0.010574598,0,0,0,0.015589494,0,0.0313104,0.00677997022653198,0.015589494,0.0033988008707169777,,,
33,Ambedkar konaseem,Andhra Pradesh,1910,8.31088224399998,8.31088224399998,0,0,0,0,0,0,0,0,0,0,0,0,0,0,0,0,,,
34,Parvathipuram Manyam,Andhra Pradesh,4146,26.280046000000002,26.280046000000002,0,0,0,0,0,0,0,0,0,0,0,0,0,0,0,0,,,
35,Rangareddi,Telangana,751,8.318986101,8.2882256,1,0,0,0.030760501000000003,0,0,0,0,0.030760501000000003,0,0,0,0.030760501000000003,0.003697626204268135,0.030760501000000003,0.003711349387014755,,,
36,Khordha ,Orissa,1540,7.58464996499998,7.58464996499998,0,0,0,0,0,0,0,0,0,0,0,0,0,0,0,0,,,
37,Yanam,Pondicherry,2621,14.308221874999969,14.170356220999968,11,0,0,0.137865654,0,0.092820887,0,0.038242459,0,0.006802308,0,0,0.137865654,0.00963541488274554,0.045044767,0.003178802727149882,,,
38,Mahabubabad,Telangana,540,3.7985896,3.7985896,0,0,0,0,0,0,0,0,0,0,0,0,0,0,0,0,,,
39,Nalgonda,Telangana,424,3.4967431,3.4967431,0,0,0,0,0,0,0,0,0,0,0,0,0,0,0,0,,,
,,Total,363849,1854.7625181422002,1849.0283181802001,1125,0,0,5.734199961999998,1.6331531049999999,1.5876041730000003,0.9961683860000001,0.685935865,0.38510999999999995,0.18830856099999999,0.22117886400000003,0.036741008,5.734199962000001,0.0030916087131971975,1.5172742980000002,0.0008205792648396485,,,
,,,0,0,0,0,0,0,0,0,0,0,0,0,0,0,0,0,0,0,2.5369100050467172e-06,,,
State wise Break-up,,,,,,,,,,,,,,,,,,,,,,,,
,,,,,,,,,,,,,,,,,,,,,,,,
SN,State,Number of ActiveLoans,"Principal Outstanding of Active Loans
(In Crs)",Standard Portfolio with 0 DPD,No of loans in arrears,No of loans written off,"Write offs in the quarter 
(In Crs)","Total PAR 
(In Crs)",1-30 DPD Loans Outstanding ,31-60 DPD Loans Oustatnding,61-90 DPD Loans Oustatnding,91 to 120 DPD Loans Oustatnding,121-150 DPD Loans Outstanding,151-180 DPD Loans Outstanding,181-365 DPD Loans Outstanding,>365 DPD Loans Ousttanding,PAR >0 days,% of  PAR >0 days,PAR >90days,% of PAR >90 days,,,,
1,Andhra Pradesh,319699,1629.1597706322002,1624.4266853162003,924,0,0,4.733085316,1.316669794,1.1602675620000003,0.9063591040000001,0.613852429,0.333046137,0.16792272,0.19822656200000002,0.036741008,4.733085316,0.0029052309057222255,1.349788856,0.000828518405825974,,,,
2,Karnataka,1836,17.296631311,17.073445741,29,0,0,0.22318557,0.059945819,0.066269761,0.042163644,0.022007986,0.011852019,0.013583533000000002,0.007362808,0,0.22318557,0.012903412577110461,0.054806346,0.0031686138771510526,,,,
3,Orissa,10589,51.34835022299993,51.13360711099993,41,0,0,0.214743112,0.042304,0.172439112,0,0,0,0,0,0,0.214743112,0.0041820839631146,0,0,,,,
4,Pondicherry,2621,14.308221874999969,14.170356220999968,11,0,0,0.137865654,0,0.092820887,0,0.038242459,0,0.006802308,0,0,0.137865654,0.00963541488274554,0.045044767,0.00314817364404339,,,,
5,Tamil Nadu,770,4.618073377000001,4.586762977000001,5,0,0,0.0313104,0,0.0051463080000000005,0.010574598,0,0,0,0.015589494,0,0.0313104,0.00677997022653198,0.015589494,0.003375757102007606,,,,
6,Telangana,28334,138.03147072399983,137.63746081399984,115,0,0,0.39400991,0.21423349200000003,0.090660543,0.03707104,0.011832991000000001,0.040211844000000004,0,0,0,0.39400991,0.002854493311803079,0.052044835000000005,0.00037705049962168417,,,,
,Total,363849,1854.7625181422,1849.0283181802001,1125,0,0,5.734199962,1.6331531049999999,1.5876041730000003,0.9961683860000001,0.685935865,0.38511,0.188308561,0.22117886400000003,0.036741008,5.734199962000001,0.0030916087131971975,1.517274298,0.0008180423548346012,,,,
"AP has  over 80% of the total portfolio,  AP has higher PAR compared to other states",,0,0,0,0,0,0,0,0,0,0,0,0,0,0,0,0,0,0,-2.5369100050472593e-06,,,,
,,,,,,,,,,,,,,,,,,,,,,,,
Tenorwise break-up,,,,,,,,,,,,,,,,,,,,,,,,
,,,,,,,,,,,,,,,,,,,,,,,,
SN,Original Tenor,Number of Loans,"Total Principal Outstanding 
(In Crs)",Principal without overdues (In Crs),No of loans in arrears,No of loans written off,"Write offs in the quarter 
(In Crs)","Total PAR 
(In Crs)",1-30,31-60,61-90,91-120,121-150,151-180,181-365,>365,PAR >0 days,% of  PAR >0 days,PAR >90days,% of PAR >90 days,,,,
1,Upto 1 Year,166468,1009.3203185788999,1009.3118752478999,8,0,0,0.008443331,0.0042,0,0,0,0.004083331,0,0.00016,0,0.008443331,8.365363150409988e-06,0.004243331,4.204147010509522e-06,,,,
2,1 to 2 years,194718,740.427786085299,736.214507971299,1078,0,0,4.213278114,1.283788524,1.389418908,0.591889236,0.417242769,0.263445066,0.109114506,0.132602311,0.025776794,4.213278114,0.00569032955431878,0.9481814460000001,0.001280585985316828,,,,
3,2 to 3 years,181,2.868952437,2.857988223,2,0,0,0.010964214,0,0,0,0,0,0,0,0.010964214,0.010964214,0.0038216785536762106,0.010964214,0.0038216785536762106,,,,
4,3 to 5 years,1417,49.038084215,48.236423658,22,0,0,0.8016605569999999,0.027500896999999996,0.162713361,0.40427915,0.107074706,0.065280212,0,0.034812231,0,0.8016605569999999,0.01634771361550834,0.20716714900000002,0.0042246175052782905,,,,
5,Above 5 Years,1065,53.107376826,52.40752308,15,0,0,0.6998537459999999,0.317663684,0.035471904,0,0.16161839,0.052301390999999996,0.079194055,0.053604321999999996,0,0.6998537459999999,0.01317808914367937,0.346718158,0.006528625187720734,,,,
,Total,363849,1854.7625181421988,1849.0283181801988,1125,0,0,5.734199962,1.6331531049999999,1.587604173,0.9961683859999999,0.685935865,0.38511,0.18830856099999999,0.22117886399999998,0.036741008,5.734199962,0.0030916087131971992,1.5172742979999998,0.0008180423548346016,,,,
,,0,0,0,0,0,0,0,0,0,0,0,0,0,0,0,0,0,0,0,,,,
Ticket Sizewise break-up,,,,,,,,,,,,,,,,,,,,,,,,
,,,,,,,,,,,,,,,,,,,,,,,,
SN,Loan Ticket Size Bucket,Number of Loans,"Total Principal Outstanding 
(In Crs)",Principal without overdues (In Crs),No of loans in arrears,No of loans written off,"Write offs in the quarter 
(In Crs)","Total PAR 
(In Crs)",1-30,31-60,61-90,91-120,121-150,151-180,181-365,>365,PAR >0 days,% of  PAR >0 days,PAR >90days,% of PAR >90 days,,,,
1,<50000,162515,268.68935072989996,268.02915863289996,288,0,0,0.660192097,0.31347984500000003,0.20083178100000001,0.080452399,0.024029904999999997,0.028342972999999997,0.004750730999999999,0.004835004,0.003469459,0.660192097,0.0024570832271788036,0.06542807199999999,0.0002435082440828538,,,,
2,50000 - 100000,161726,729.826245109301,727.701696087301,577,0,0,2.124549022,0.90970793,0.6732110450000001,0.201642225,0.14544691299999998,0.086691576,0.023041579,0.059466330000000005,0.025341423999999998,2.124549022,0.0029110340115020405,0.339987822,0.00046584762370265596,,,,
3,100000-150000,16670,172.466750665,171.72265808100002,132,0,0,0.7440925840000001,0.050992289,0.28421421,0.144127279,0.120567146,0.081299961,0.042806885999999995,0.012154688,0.007930125,0.7440925840000001,0.004314411798975259,0.264758806,0.0015351295538365444,,,,
4,150000-200000,9221,145.37617451600002,144.77478740600003,76,0,0,0.60138711,0.036765924,0.19444319699999998,0.110830342,0.10982243100000001,0.054703617,0.03851531,0.056306289,0,0.60138711,0.0041367652712158256,0.259347647,0.0017839762799058683,,,,
5,200000-300000,5730,130.558234258,130.272345419,25,0,0,0.28588883899999995,0.092701143,0.058640077,0.054836991,0.06322035799999999,0.01649027,0,0,0,0.28588883899999995,0.002189741923401373,0.07971062799999999,0.0006105369642368283,,,,
6,300000-400000,3324,110.38550376600001,110.22568268000002,5,0,0,0.159821086,0,0.06473994300000001,0.029508411,0,0.030760501000000003,0,0.034812231,0,0.159821086,0.001447844875888737,0.065572732,0.000594033906290847,,,,
7,400000-500000,1652,71.006503161,70.626306285,10,0,0,0.380196876,0.0493854,0.06954091600000001,0.18850839,0.038242459,0.034519711,0,0,0,0.380196876,0.005354395147975988,0.07276217,0.0010247254372605732,,,,
8,500000-600000,1119,59.143963426,58.85086796,6,0,0,0.29309546599999997,0,0.041983004,0.099003386,0.046203363,0.052301390999999996,0,0.053604321999999996,0,0.29309546599999997,0.004955627743255936,0.152109076,0.0025718444823251744,,,,
9,600000-700000,634,39.955773124000004,39.832946135,2,0,0,0.122826989,0.0625581,0,0,0.060268889,0,0,0,0,0.122826989,0.0030740736418443174,0.060268889,0.0015083900094476869,,,,
10,700000-800000,389,28.405245043,28.405245043,0,0,0,0,0,0,0,0,0,0,0,0,0,0,0,0,,,,
11,800000-900000,254,21.080113671,20.922785215,2,0,0,0.157328456,0,0,0,0.078134401,0,0.079194055,0,0,0.157328456,0.007463358995850076,0.157328456,0.007463358995850076,,,,
12,900000-1000000,153,14.327027111000001,14.327027111000001,0,0,0,0,0,0,0,0,0,0,0,0,0,0,0,0,,,,
13,> 1000000,462,63.541633562,63.336812125,2,0,0,0.204821437,0.117562474,0,0.087258963,0,0,0,0,0,0.204821437,0.0032234210157683135,0,0,,,,
,Total,363849,1854.7625181422009,1849.028318180201,1125,0,0,5.734199962,1.633153105,1.5876041730000001,0.9961683860000001,0.685935865,0.38510999999999995,0.18830856099999999,0.22117886399999998,0.036741008,5.734199962000001,0.003091608713197196,1.5172742979999998,0.0008180423548346007,,,,
JLG Loans are more in Number and 99% of the JLG Loans have 2 years Loan tenor; as such 2 Years tenor loans have high PAR %,,0,2.0463630789890885e-12,2.2737367544323206e-12,0,0,0,0,0,0,0,0,0,0,0,0,0,0,0,-9.75781955236954e-19,,,,
,,,,,,,,,,,,,,,,,,,,,,,,
IRR (omitting processing fee) Break-up,,,,,,,,,,,,,,,,,,,,,,,,
,,,,,,,,,,,,,,,,,,,,,,,,
SN,"IRR, omitting processing fee",Number of Loans,"Total Principal Outstanding 
(In Crs)",Principal without overdues (In Crs),No of loans in arrears,No of loans written off,"Write offs in the quarter 
(In Crs)","Total PAR 
(In Crs)",1-30,31-60,61-90,91-120,121-150,151-180,181-365,>365,PAR >0 days,% of  PAR >0 days,PAR >90days,% of PAR >90 days,,,,
1,<10,4998,135.757607,135.757607,0,0,0,0,0,0,0,0,0,0,0,0,0,0,0,0,,,,
2,10-12,13021,94.7098172489,94.7098172489,0,0,0,0,0,0,0,0,0,0,0,0,0,0,0,0,,,,
3,12-15,49,1.2163193,1.2163193,0,0,0,0,0,0,0,0,0,0,0,0,0,0,0,0,,,,
4,15-18,11246,44.728173012,44.728173012,0,0,0,0,0,0,0,0,0,0,0,0,0,0,0,0,,,,
5,18-20,34296,217.759185871,217.631049001,2,0,0,0.12813686999999999,0.12813686999999999,0,0,0,0,0,0,0,0.12813686999999999,0.0005884338219188051,0,0,,,,
6,20-22,68813,391.655337645,391.38255955299996,43,0,0,0.27277809199999997,0.136444828,0.006685,0.087561963,0.000783012,0.001425636,0.0012,0.001936645,0.036741008,0.27277809199999997,0.0006964748486263414,0.042086301,0.00010745749375729793,,,,
7,22-24,34626,177.482032567,176.712038291,45,0,0,0.7699942759999999,0.049309181,0.08220015500000001,0.177717652,0.207821753,0.120147158,0.079194055,0.053604321999999996,0,0.7699942759999999,0.004338435079107654,0.460767288,0.0025961348387536576,,,,
8,24-26,179468,708.573519357299,705.714980385299,751,0,0,2.858538972,1.236310134,0.843678702,0.38941054199999997,0.20477156000000002,0.094982998,0.020085354,0.069299682,0,2.858538972,0.004034216484116983,0.389139594,0.000549187322654907,,,,
9,>26,17332,82.88052614099999,81.17577438899998,284,0,0,1.7047517520000002,0.082952092,0.655040316,0.341478229,0.27255954,0.168554208,0.08782915200000001,0.096338215,0,1.7047517520000002,0.020568785351335748,0.6252811149999999,0.007544367104236818,,,,
,Total,363849,1854.7625181421988,1849.028318180199,1125,0,0,5.734199962,1.6331531049999999,1.587604173,0.996168386,0.685935865,0.38511,0.188308561,0.221178864,0.036741008,5.734199962,0.0030916087131971992,1.517274298,0.0008180423548346017,,,,
JLG Loans are more in number and they have 26% yield as such 26% yield loans have higher PAR,,0,-2.0463630789890885e-12,-2.0463630789890885e-12,0,0,0,0,0,0,0,0,0,0,0,0,0,0,0,1.0842021724855044e-18,,,,
Loan utilisation category-wise break-up,,,,,,,,,,,,,,,,,,,,,,,,
,,,,,,,,,,,,,,,,,,,,,,,,
SN,Category,Number of Loans,"Total Principal Outstanding 
(In Crs)",Principal without overdues (In Crs),No of loans in arrears,No of loans written off,"Write offs in the quarter 
(In Crs)","Total PAR 
(In Crs)",1-30,31-60,61-90,91-120,121-150,151-180,181-365,>365,PAR >0 days,% of  PAR >0 days,PAR >90days,% of PAR >90 days,,,,
1,Consumption,123954,785.9085849488999,785.1325939408999,64,0,0,0.775991008,0.35221850899999996,0.114144342,0.15392908500000002,0.038618490000000005,0.05786430499999999,0.009611617,0.034972231,0.014632429,0.775991008,0.0009873807499512874,0.155699072,0.000198113463807147,,,,
2,Agri & Allied,146818,625.652486975299,623.618157632299,520,0,0,2.034329343,0.73953488,0.48341021900000003,0.267232861,0.304156763,0.114159509,0.022660767999999998,0.092210129,0.010964214,2.034329343,0.0032515324167173274,0.544151383,0.0008697342283904057,,,,
3,Manufacturing,37722,167.181715335,166.118330081,200,0,0,1.0633852540000002,0.180388131,0.38280497599999996,0.19002671699999998,0.171677222,0.079790645,0.032687707999999996,0.026009855,0,1.0633852540000002,0.006360655241927507,0.31016542999999996,0.0018552592870487547,,,,
4,Home Assets,20102,138.734676057,137.645032653,128,0,0,1.0896434040000003,0.086520847,0.391349744,0.262582836,0.11859615300000001,0.07719464599999999,0.108106304,0.034148509,0.011144365,1.0896434040000003,0.007854153229523623,0.349189977,0.0025169624993864772,,,,
5,Services,23539,81.97515482899999,81.454239925,158,0,0,0.520914904,0.22596923900000002,0.142322931,0.06459601999999999,0.038658423,0.037687237,0.0047667690000000006,0.006914285000000001,0,0.520914904,0.006354546143726442,0.088026714,0.0010738218693654626,,,,
6,Education,5023,26.4393133,26.4393133,0,0,0,0,0,0,0,0,0,0,0,0,0,0,0,0,,,,
7,Trading,5599,24.013136069,23.825484707,43,0,0,0.187651362,0.046465211,0.037932543,0.040274683,0.00994482,0.015634855,0.010475395,0.026923855,0,0.187651362,0.007814529575012504,0.062978925,0.002622686383779055,,,,
8,Business Assets,1092,4.8574506280000005,4.7951659410000005,12,0,0,0.062284687000000005,0.0020562880000000003,0.035639418,0.017526184,0.004283994,0.002778803,0,0,0,0.062284687000000005,0.012822505418988687,0.007062797,0.0014540131317624994,,,,
,Total,363849,1854.7625181421993,1849.0283181801992,1125,0,0,5.734199962,1.6331531049999999,1.587604173,0.9961683859999999,0.685935865,0.38510999999999995,0.18830856099999999,0.22117886399999998,0.036741008000000006,5.734199962,0.0030916087131971984,1.5172742979999998,0.0008180423548346014,,,,
JLG Loans are given for Agri-allied; As such this categorty of Loans have higher PAR,,0,0,0,0,0,0,0,0,0,0,0,0,0,0,0,0,0,0,0,,,,
Loan repayment Frequencywise break-up,,,,,,,,,,,,,,,,,,,,,,,,
,,,,,,,,,,,,,,,,,,,,,,,,
SN,Installment frequency,Number of Loans,"Total Principal Outstanding 
(In Crs)",Principal without overdues (In Crs),No of loans in arrears,No of loans written off,"Write offs in the quarter 
(In Crs)","Total PAR 
(In Crs)",1-30,31-60,61-90,91-120,121-150,151-180,181-365,>365,PAR >0 days,% of  PAR >0 days,PAR >90days,% of PAR >90 days,,,,
1,Monthly,343296,1767.1080557422001,1761.3738557802,1125,0,0,5.734199962,1.633153105,1.5876041730000001,0.9961683859999999,0.685935865,0.38511,0.188308561,0.221178864,0.036741008,5.734199962,0.003244962832559545,1.517274298,0.0008586199882172639,,,,
2,Bullet,20553,87.6544624,87.6544624,0,0,0,0,0,0,0,0,0,0,0,0,0,0,0,0,,,,
,Total,363849,1854.7625181422002,1849.0283181802001,1125,0,0,5.734199962,1.633153105,1.5876041730000001,0.9961683859999999,0.685935865,0.38511,0.188308561,0.221178864,0.036741008,5.734199962,0.0030916087131971966,1.517274298,0.0008180423548346011,,,,
Except Gold Loans (zero OD) all other Loans have monthly repayment frequency,,0,0,0,0,0,0,0,0,0,0,0,0,0,0,0,0,0,0,0,,,,
,,,,Rural/Urban,,,,,,,,,,,,,,,,,,,,
,,,,Geography Range,Number of Loans,"Total Principal Outstanding 
(In Crs)",Principal without overdues (In Crs),No of loans in arrears,No of loans written off,"Write offs in the quarter 
(In Crs)","Total PAR 
(In Crs)",1-30,31-60,61-90,91-120,121-150,151-180,181-365,>365,,,,,
,,,,Rural,322227,1572.1173104241996,1567.3375342141996,1011,0,0,4.7797762100000005,1.4724082900000002,1.3329628169999999,0.804217882,0.5716681120000002,0.27635169,0.17369738299999998,0.111729028,0.036741008,,,,,
,,,,Urban,40251,272.71722129500006,271.76279754300003,114,0,0,0.9544237520000001,0.160744815,0.254641356,0.19195050400000002,0.114267753,0.10875831,0.014611177999999999,0.109449836,0,,,,,
,,,,Total,362478,1844.8345317191997,1839.1003317571997,1125,0,0,5.734199962000001,1.633153105,1.587604173,0.996168386,0.6859358650000003,0.38510999999999995,0.18830856099999999,0.22117886399999998,0.036741008,,,,,
Loan productwise break-up,,,,,,,,,,,,,,,,,,,,,,,,
,,,,,,,,,,,,,,,,,,,,,,,,
SN,Loan product,Number of Loans,"Total Principal Outstanding 
(In Crs)",Principal without overdues (In Crs),No of loans in arrears,No of loans written off,"Write offs in the quarter 
(In Crs)","Total PAR 
(In Crs)",1-30,31-60,61-90,91-120,121-150,151-180,181-365,>365,PAR >0 days,% of  PAR >0 days,PAR >90days,% of PAR >90 days,,,,
1,Gold Loans,89710,927.3404527698999,927.3096922688999,1,0,0,0.030760501000000003,0,0,0,0,0.030760501000000003,0,0,0,0.030760501000000003,3.3170666617767594e-05,0.030760501000000003,3.3170666617767594e-05,,,,
2,Group Loans,183416,682.5627556193001,680.0500167123001,787,0,0,2.512738907,1.198161432,0.728293592,0.25010800699999997,0.144111229,0.098974189,0.020085354,0.036264096,0.036741008,2.512738907,0.0036813302312695803,0.33617587600000004,0.0004925200990420028,,,,
3,MSME - LAP Loans,973,50.04967229299998,48.77388816099998,28,0,0,1.2757841320000005,0.15019491100000026,0.198185265,0.40427915,0.268693096,0.086821102,0.079194055,0.08841655300000001,0,1.2757841320000005,0.025490359348035802,0.523124806,0.010452112512096608,,,,
4,PL-UnSecured ,73319,78.499569493,78.499569493,0,0,0,0,0,0,0,0,0,0,0,0,0,0,0,0,,,,
5,MSME - Business Loans,10927,56.1379836420001,54.4332318900001,284,0,0,1.7047517520000002,0.082952092,0.655040316,0.341478229,0.27255954,0.168554208,0.08782915200000001,0.096338215,0,1.7047517520000002,0.030367171056079327,0.6252811149999999,0.011138289522251217,,,,
6,MSME - Home Loans,1201,54.592658286,54.397688616,2,0,0,0.19496966999999998,0.19496966999999998,0,0,0,0,0,0,0,0.19496966999999998,0.003571353294038054,0,0,,,,
7,Corporate Loans,3,3.272553199,3.272553199,0,0,0,0,0,0,0,0,0,0,0,0,0,0,0,0,,,,
8,Consumer Loans,4300,2.30687284,2.29167784,23,0,0,0.015194999999999998,0.006875,0.006085,0.000303,0.000572,0,0.0012,0.00016,0,0.015194999999999998,0.006586839004095258,0.001932,0.0008374973975591996,,,,
,Total,363849,1854.7625181422002,1849.0283181802004,1125,0,0,5.734199962000001,1.6331531050000003,1.587604173,0.996168386,0.685935865,0.38511000000000006,0.188308561,0.221178864,0.036741008,5.734199962000001,0.0030916087131971975,1.517274298,0.0008180423548346011,,,,
JLG Loans are more in number as such these loans have higher PAR ,,0,0,0,0,0,0,0,0,0,0,0,0,0,0,0,0,0,0,0,,,,
Loan Cyclewise Break-up,,,,,,,,,,,,,,,,,,,,,,,,
,,,,,,,,,,,,,,,,,,,,,,,,
SN,Loan cycle,Number of Loans,"Total Principal Outstanding 
(In Crs)",Principal without overdues (In Crs),No of loans in arrears,No of loans written off,"Write offs in the quarter 
(In Crs)","Total PAR 
(In Crs)",1-30,31-60,61-90,91-120,121-150,151-180,181-365,>365,PAR >0 days,% of  PAR >0 days,PAR >90days,% of PAR >90 days,,,,
1,1,227983,1052.8167362963,1047.2805715862999,1075,0,0,5.5361647099999995,1.531480475,1.579231115,0.950265123,0.6851528530000001,0.383684364,0.187108561,0.219242219,0,5.5361647099999995,0.0052584315191223615,1.4751879970000001,0.0014011821299398778,,,,
2,2,26071,129.550909602,129.391252006,38,0,0,0.15965759599999998,0.10167263,0.008373058000000001,0.045903263,0.000572,0,0.0012,0.001936645,0,0.15965759599999998,0.0012323927056204567,0.003708645,2.8626931384685133e-05,,,,
3,3,15503,88.981173888,88.98054168,1,0,0,0.000632208,0,0,0,0,0.000632208,0,0,0,0.000632208,7.104963582473703e-06,0.000632208,7.104963582473703e-06,,,,
4,4,12712,72.837482808,72.83161308000001,2,0,0,0.005869728,0,0,0,0,0,0,0,0.005869728,0.005869728,8.058663992374139e-05,0.005869728,8.058663992374139e-05,,,,
5,5,10298,57.82320464,57.79132892,9,0,0,0.031875719999999996,0,0,0,0.00021101199999999998,0.000793428,0,0,0.030871279999999997,0.031875719999999996,0.0005512617330439262,0.031875719999999996,0.0005512617330439262,,,,
6,>5,71282,452.75301090790003,452.75301090790003,0,0,0,0,0,0,0,0,0,0,0,0,0,0,0,0,,,,
,Total,363849,1854.7625181422002,1849.0283181802,1125,0,0,5.734199962,1.6331531049999999,1.5876041730000001,0.996168386,0.685935865,0.38511,0.188308561,0.22117886399999998,0.036741008,5.734199962,0.0030916087131971966,1.5172742979999998,0.000818042354834601,,,,
About 80% of the Loans are in first cycle; as such first cycle loans have higher PAR,,0,0,0,0,0,0,0,0,0,0,0,0,0,0,0,0,0,0,0,,,,
On / Off Balance sheet break-up,,,,,,,,,,,,,,,,,,,,,,,,
,,,,,,,,,,,,,,,,,,,,,,,,
SN,On / Off Balance sheet,Number of Loans,"Total Principal Outstanding 
(In Crs)",Principal without overdues (In Crs),No of loans in arrears,No of loans written off,"Write offs in the quarter 
(In Crs)","Total PAR 
(In Crs)",1-30,31-60,61-90,91-120,121-150,151-180,181-365,>365,PAR >0 days,% of  PAR >0 days,PAR >90days,% of PAR >90 days,,,,
1,On Balance Sheet,363849,1854.7625181422002,1849.0283181802,1125,0,0,5.734199962,1.6331531049999999,1.5876041730000001,0.996168386,0.685935865,0.38511,0.188308561,0.22117886399999998,0.036741008,5.734199962,0.0030916087131971966,1.5172742979999998,0.000818042354834601,,,,
2,Off Balance Sheet - Securitised,0,0,0,0,0,0,0,0,0,0,0,0,0,0,0,0,0,0,0,,,,
3,Off Balance Sheet - BC,0,0,0,0,0,0,0,0,0,0,0,0,0,0,0,0,0,0,0,,,,
4,Off Balancesheet - Colending,0,0,0,0,0,0,0,0,0,0,0,0,0,0,0,0,0,0,0,,,,
5,Total,363849,1854.7625181422002,1849.0283181802,1125,0,0,5.734199962,1.6331531049999999,1.5876041730000001,0.996168386,0.685935865,0.38511,0.188308561,0.22117886399999998,0.036741008,5.734199962,0.0030916087131971966,1.5172742979999998,0.000818042354834601,,,,
,,0,0,0,0,0,0,0,0,0,0,0,0,0,0,0,0,0,0,0,,,,
Basis LTV (loan to value) - Only Gold Loans,,,,,,,,,,,,,,,,,,,,,,,,
,,,,,,,,,,,,,,,,,,,,,,,,
SN,LTV,Number of Loans,"Total Principal Outstanding 
(In Crs)",Principal without overdues (In Crs),No of loans in arrears,No of loans written off,"Write offs in the quarter 
(In Crs)","Total PAR 
(In Crs)",1-30,31-60,61-90,91-120,121-150,151-180,181-365,>365,PAR >0 days,% of  PAR >0 days,PAR >90days,% of PAR >90 days,,,,
1,<50,1990,28.764059260000003,28.523984435000003,7,0,0,0.240074825,0,0.09146231799999999,0.034898741,0,0.034519711,0.079194055,0,0,0.240074825,0.008346347183822342,0.113713766,0.003953328178479075,,,,
2,50-60,2085,25.021442453899997,24.475543250899996,9,0,0,0.5458992029999999,0.081903853,0.041983004,0.262131032,0.0232151,0.083061892,0,0.053604321999999996,0,0.5458992029999999,0.02181725550018851,0.159881314,0.006389772064283205,,,,
3,60-70,5540,67.42154649899999,66.85961202699998,12,0,0,0.561934472,0.263260728,0.035471904,0.107249377,0.121140232,0,0,0.034812231,0,0.561934472,0.008334642279502365,0.15595246299999999,0.0023130953100032065,,,,
4,70-75,82696,910.8189788359998,910.6653730329998,3,0,0,0.153605803,0,0.029268039000000003,0,0.12433776400000002,0,0,0,0,0.153605803,0.00016864580840893738,0.12433776400000002,0.00013651204782634202,,,,
5,75-80,0,0,0,0,0,0,0,0,0,0,0,0,0,0,0,0,0,0,0,,,,
6,80-85,0,0,0,0,0,0,0,0,0,0,0,0,0,0,0,0,0,0,0,,,,
7,No LTV,271538,822.736491093355,818.503805434355,1094,0,0,4.2326856589999995,1.287988524,1.389418908,0.591889236,0.417242769,0.26752839700000003,0.109114506,0.13276231100000002,0.036741008,4.2326856589999995,0.005144643157100129,0.9633889910000001,0.0011709569241540854,,,,
,Total,363849,1854.7625181422547,1849.0283181802547,1125,0,0,5.734199962,1.6331531049999999,1.587604173,0.996168386,0.685935865,0.38511000000000006,0.18830856099999999,0.22117886400000003,0.036741008,5.734199962,0.003091608713197106,1.517274298,0.000818042354834577,,,,
,,0,5.4569682106375694e-11,5.4797055781818926e-11,0,0,0,0,0,0,0,0,0,0,0,0,0,-9.063930161978817e-17,0,-2.3960868011929648e-17,,,,
